all_grouper,hausverbrauch_v,solarproduktion_v,batterie_ladezustand_p,batterie_laden_v,batterie_entladen_v,netz_einspeisung_v,netz_bezug_v,eigenstrom_v,eigenstrom_p,startTimestamp,hourTimestamp,dayTimestamp,weekTimestamp,monthTimestamp,yearTimestamp,kosten_strompreis_e,kosten_einspeisepreis_e,kosten_strom_g,kosten_einspeise_g,kosten_batterie_g
1,4.1560849609375,15.959099609375,0.9719400024414062,10.6268408203125,0.8224739990234375,0.596302001953125,0.18433700561523436,3.9717481085173785,0.9556465148925781,2023-07-26 00:00:00,2023-07-26 00:00,2023-07-26,2023-07-24,2023-07-01,2023-01-01,0.2974,0.082,1.1811978874730684,0.04889676416015625,1.1160047145751952
1,13.3590810546875,11.0671015625,0.5649300003051758,4.5757861328125,9.87447265625,0.265406005859375,0.42742300415039064,12.931658136946261,0.9680050659179688,2023-07-27 00:00:00,2023-07-27 00:00,2023-07-27,2023-07-24,2023-07-01,2023-01-01,0.2974,0.082,3.845875129927818,0.02176329248046875,3.3118826308593747
1,13.82903125,22.318958984375,0.8481700134277343,13.204544921875,8.3203056640625,0.737177978515625,0.788134033203125,13.040897168912887,0.9430087280273437,2023-07-28 00:00:00,2023-07-28 00:00,2023-07-28,2023-07-24,2023-07-01,2023-01-01,0.2974,0.082,3.8783628180346925,0.06044859423828126,3.557231588085938
1,16.801337890625,21.04261328125,0.8852700042724609,9.3437734375,8.484322265625,1.53237109375,1.67306201171875,15.128276014796644,0.9004209136962891,2023-07-29 00:00:00,2023-07-29 00:00,2023-07-29,2023-07-24,2023-07-01,2023-01-01,0.2974,0.082,4.499149286800522,0.12565442968749999,3.289426863671875
1,13.500546875,18.2899375,0.9459600067138672,8.917171875,7.569484375,0.249328857421875,0.25806103515625,13.242486113345622,0.9808851623535156,2023-07-30 00:00:00,2023-07-30 00:00,2023-07-30,2023-07-24,2023-07-01,2023-01-01,0.2974,0.082,3.938315370108988,0.02044496630859375,2.982372746875
1,10.03514453125,10.3316875,0.6593399810791015,5.009984375,7.8391875,0.1239521484375,0.141661865234375,9.893482486154735,0.9858834075927735,2023-07-31 00:00:00,2023-07-31 00:00,2023-07-31,2023-07-31,2023-07-01,2023-01-01,0.2974,0.082,2.942321691382418,0.010164076171875001,2.74219308125
1,12.23546875,19.4485390625,0.8818900299072265,12.31547265625,8.58211328125,0.242760986328125,0.255787109375,11.979681623256207,0.9790946197509766,2023-08-01 00:00:00,2023-08-01 00:00,2023-08-01,2023-07-31,2023-08-01,2023-01-01,0.2974,0.082,3.562757314756396,0.01990640087890625,3.5621892476562502
1,10.5864375,14.72409375,0.89875,7.44682421875,6.48165625,0.225995849609375,0.288934814453125,10.297502515211105,0.9727070617675782,2023-08-02 00:00:00,2023-08-02 00:00,2023-08-02,2023-07-31,2023-08-01,2023-01-01,0.2974,0.082,3.0624772480237827,0.01853165966796875,2.5382841546875
1,12.411203125,14.5634375,0.713290023803711,8.5160078125,9.3499609375,0.15214111328125,0.40634912109375,12.00485439573288,0.967259521484375,2023-08-03 00:00:00,2023-08-03 00:00,2023-08-03,2023-07-31,2023-08-01,2023-01-01,0.2974,0.082,3.5702436972909584,0.0124755712890625,3.4789910234375006
1,10.982515625,18.2493125,0.9999099731445312,11.1069296875,7.3425625,0.1464541015625,0.1662060546875,10.816309890794754,0.9848663330078125,2023-08-04 00:00:00,2023-08-04 00:00,2023-08-04,2023-07-31,2023-08-01,2023-01-01,0.2974,0.082,3.2167705615223596,0.012009236328125,3.0944463218749996
1,8.36990625,11.82928125,0.9864199829101562,5.41628125,5.1976484375,0.1175888671875,0.14504296875,8.224863294525147,0.9826708984375,2023-08-05 00:00:00,2023-08-05 00:00,2023-08-05,2023-07-31,2023-08-01,2023-01-01,0.2974,0.082,2.4460743437917785,0.009642287109375,1.9899157078125
1,12.5811640625,14.1046875,0.7874800109863281,6.5113515625,8.201484375,0.16874609375,0.2157939453125,12.365369723431467,0.9828478240966797,2023-08-06 00:00:00,2023-08-06 00:00,2023-08-06,2023-07-31,2023-08-01,2023-01-01,0.2974,0.082,3.677460955748518,0.0138371796875,2.9730522812499998
1,12.204296875,19.100890625,0.9999099731445312,12.5502109375,9.0662109375,0.24689990234375,0.25468212890625,11.949614860653877,0.9791317749023437,2023-08-07 00:00:00,2023-08-07 00:00,2023-08-07,2023-08-07,2023-08-01,2023-01-01,0.2974,0.082,3.553815459558463,0.0202457919921875,3.7254084296874996
1,12.844390625,15.45665625,0.8818900299072265,8.849296875,9.575,0.33135400390625,0.381578125,12.46281211182356,0.9702922058105469,2023-08-08 00:00:00,2023-08-08 00:00,2023-08-08,2023-08-07,2023-08-01,2023-01-01,0.2974,0.082,3.7064403220563267,0.027171028320312502,3.57324734375
1,15.3360625,20.559,0.9729399871826172,9.7771953125,7.858453125,0.37775,0.42505859375,14.911003693146705,0.972283706665039,2023-08-09 00:00:00,2023-08-09 00:00,2023-08-09,2023-08-07,2023-08-01,2023-01-01,0.2974,0.082,4.43453249834183,0.0309755,3.138833975
1,11.255921875,14.27465625,0.9088700103759766,6.582109375,6.8365546875,0.17084423828125,0.177619140625,11.078303098049163,0.984219970703125,2023-08-10 00:00:00,2023-08-10 00:00,2023-08-10,2023-08-07,2023-08-01,2023-01-01,0.2974,0.082,3.294687341359821,0.0140092275390625,2.5729243328124998
1,10.266625,14.139546875,0.9156099700927735,6.398921875,5.7266015625,0.1717607421875,0.23977294921875,10.026852403364181,0.9766454315185547,2023-08-11 00:00:00,2023-08-11 00:00,2023-08-11,2023-08-07,2023-08-01,2023-01-01,0.2974,0.082,2.9819859047605073,0.014084380859375002,2.2278028984375
1,10.656390625,15.8370625,0.9999099731445312,8.3810625,6.4425390625,0.15823779296875,0.19810693359375,10.458283321594,0.9814095306396484,2023-08-12 00:00:00,2023-08-12 00:00,2023-08-12,2023-08-07,2023-08-01,2023-01-01,0.2974,0.082,3.1102934598420555,0.012975499023437502,2.6032582421874997
1,12.8575625,16.990875,0.9999099731445312,6.390015625,5.525921875,0.2069462890625,0.19972705078125,12.657835326170922,0.9844661712646484,2023-08-13 00:00:00,2023-08-13 00:00,2023-08-13,2023-08-07,2023-08-01,2023-01-01,0.2974,0.082,3.764440226003232,0.016969595703125003,2.1673904468750003
1,13.82590625,16.43459375,0.9425900268554688,6.3891875,6.938796875,0.3524150390625,0.50550927734375,13.320396552734373,0.9634375,2023-08-14 00:00:00,2023-08-14 00:00,2023-08-14,2023-08-14,2023-08-01,2023-01-01,0.2974,0.082,3.9614859347832025,0.028898033203125,2.5875115656250003
1,11.23940625,15.6183125,0.9864199829101562,7.702953125,6.499703125,0.2248056640625,0.26989892578125,10.969507693741322,0.9759864044189454,2023-08-15 00:00:00,2023-08-15 00:00,2023-08-15,2023-08-14,2023-08-01,2023-01-01,0.2974,0.082,3.2623315881186694,0.018434064453125,2.564653865625
1,10.057265625,13.61525,0.952699966430664,7.4765,7.191859375,0.12303125,0.11673876953125,9.940526546519994,0.9883925628662109,2023-08-16 00:00:00,2023-08-16 00:00,2023-08-16,2023-08-14,2023-08-01,2023-01-01,0.2974,0.082,2.956312594935046,0.0100885625,2.751931978125
1,9.905875,12.133125,0.8077100372314453,7.071,8.184234375,0.15618310546875,0.224568359375,9.681306715765,0.9773297882080079,2023-08-17 00:00:00,2023-08-17 00:00,2023-08-17,2023-08-14,2023-08-01,2023-01-01,0.2974,0.082,2.879220617268511,0.0128070146484375,3.0138133031250005
1,11.79434375,17.99309375,0.9931700134277344,9.1416875,6.2674375,0.2622470703125,0.232208984375,11.56213450888872,0.9803118133544921,2023-08-18 00:00:00,2023-08-18 00:00,2023-08-18,2023-08-14,2023-08-01,2023-01-01,0.2974,0.082,3.438578802943505,0.021504259765625002,2.6135542875
1,12.6415625,16.16646875,0.9594499969482422,6.955625,6.714015625,0.580626953125,0.60807861328125,12.033484362888336,0.9518984985351563,2023-08-19 00:00:00,2023-08-19 00:00,2023-08-19,2023-08-14,2023-08-01,2023-01-01,0.2974,0.082,3.5787582495229913,0.047611410156250006,2.567109496875
1,9.51503125,13.24165625,0.9493299865722656,6.707359375,6.251140625,0.12851806640625,0.0924755859375,9.422555297784804,0.9902810668945312,2023-08-20 00:00:00,2023-08-20 00:00,2023-08-20,2023-08-14,2023-08-01,2023-01-01,0.2974,0.082,2.8022679455612005,0.0105384814453125,2.409092690625
1,14.01771875,16.8990625,0.8684100341796875,7.6543125,8.006,0.27636865234375,0.278841796875,13.738876601433754,0.9801078796386719,2023-08-21 00:00:00,2023-08-21 00:00,2023-08-21,2023-08-21,2023-08-01,2023-01-01,0.2974,0.082,4.0859419012663984,0.0226622294921875,3.0086380249999998
1,10.29953125,15.4725,0.9695600128173828,7.7360625,5.904421875,0.2399345703125,0.2309482421875,10.068583089292048,0.9775768280029297,2023-08-22 00:00:00,2023-08-22 00:00,2023-08-22,2023-08-21,2023-08-01,2023-01-01,0.2974,0.082,2.994396610755455,0.019674634765625,2.390332190625
1,10.01078125,13.5140625,0.9493299865722656,6.384359375,6.090328125,0.1522109375,0.1389150390625,9.871865926659108,0.9861234283447265,2023-08-23 00:00:00,2023-08-23 00:00,2023-08-23,2023-08-21,2023-08-01,2023-01-01,0.2974,0.082,2.935892926588419,0.012481296875,2.334781053125
1,11.16809375,14.4915625,0.9055000305175781,7.500921875,7.291125,0.219220703125,0.2537822265625,10.91431170264721,0.9772761535644531,2023-08-24 00:00:00,2023-08-24 00:00,2023-08-24,2023-08-21,2023-08-01,2023-01-01,0.2974,0.082,3.24591630036728,0.017976097656250002,2.78345616875
1,8.78728125,13.75109375,0.9864199829101562,8.506984375,6.726953125,0.0954931640625,0.097119140625,8.690162055130005,0.98894775390625,2023-08-25 00:00:00,2023-08-25 00:00,2023-08-25,2023-08-21,2023-08-01,2023-01-01,0.2974,0.082,2.584454195195663,0.007830439453125,2.6981685781249998
1,5.99353125,10.030625,0.9999099731445312,4.91275,4.0639375,0.1136982421875,0.1020693359375,5.89146169449091,0.9829700469970704,2023-08-26 00:00:00,2023-08-26 00:00,2023-08-26,2023-08-21,2023-08-01,2023-01-01,0.2974,0.082,1.7521207079415966,0.009323255859375,1.6114605124999999
1,6.4139375,9.66815625,0.9763099670410156,5.3918125,5.058359375,0.11248046875,0.1943291015625,6.2196084843492505,0.9697020721435546,2023-08-27 00:00:00,2023-08-27 00:00,2023-08-27,2023-08-21,2023-08-01,2023-01-01,0.2974,0.082,1.849711563245467,0.0092233984375,1.946484703125
1,6.2480625,9.8260625,0.9729399871826172,5.344921875,4.80903125,0.098345703125,0.10451171875,6.143550745940209,0.983272933959961,2023-08-28 00:00:00,2023-08-28 00:00,2023-08-28,2023-08-28,2023-08-01,2023-01-01,0.2974,0.082,1.827091991842618,0.00806434765625,1.8684894875000002
1,6.10228125,9.858875,0.9796800231933593,5.45471875,4.747203125,0.099138671875,0.1177314453125,5.984550035426617,0.9807070159912109,2023-08-29 00:00:00,2023-08-29 00:00,2023-08-29,2023-08-28,2023-08-01,2023-01-01,0.2974,0.082,1.7798051805358759,0.00812937109375,1.859105146875
1,6.21209375,9.9955625,0.9864199829101562,6.016125,5.24825,0.0899345703125,0.202443359375,6.009650452816486,0.9674114227294922,2023-08-30 00:00:00,2023-08-30 00:00,2023-08-30,2023-08-28,2023-08-01,2023-01-01,0.2974,0.082,1.787270044667623,0.007374634765625001,2.0541517999999996
1,6.318625,9.72775,0.9628199768066407,5.64253125,5.2188125,0.0933828125,0.097533203125,6.221092024993896,0.984564208984375,2023-08-31 00:00:00,2023-08-31 00:00,2023-08-31,2023-08-28,2023-08-01,2023-01-01,0.2974,0.082,1.8501527682331849,0.007657390625,2.0147624
1,6.30428125,10.38675,0.9864199829101562,5.8724375,4.944578125,0.076748046875,0.131265625,6.173015486674308,0.9791783142089844,2023-09-01 00:00:00,2023-09-01 00:00,2023-09-01,2023-08-28,2023-09-01,2023-01-01,0.2974,0.082,1.8358548057369393,0.006293339843750001,1.952057409375
1,6.26859375,9.747375,0.9729399871826172,5.492,5.0438125,0.09840625,0.1576494140625,6.110944394516945,0.9748509216308594,2023-09-02 00:00:00,2023-09-02 00:00,2023-09-02,2023-08-28,2023-09-01,2023-01-01,0.2974,0.082,1.8173948629293395,0.0080693125,1.9503738375
1,5.82621875,9.586375,0.9864199829101562,5.2874375,4.518015625,0.1033115234375,0.137220703125,5.6889982122039795,0.97644775390625,2023-09-03 00:00:00,2023-09-03 00:00,2023-09-03,2023-08-28,2023-09-01,2023-01-01,0.2974,0.082,1.6919080683094634,0.008471544921875001,1.777227721875
1,9.9148125,42.845375,0.8684100341796875,5.10525,5.84365625,30.20925,0.149447265625,9.76536488638401,0.9849268341064453,2023-09-04 00:00:00,2023-09-04 00:00,2023-09-04,2023-09-04,2023-09-01,2023-01-01,0.2974,0.082,2.9042195172106045,2.4771585000000003,2.15653386875
1,13.5091875,42.3588125,0.9425900268554688,9.01440625,7.41175,23.7323828125,0.1549228515625,13.35426451868534,0.9885320281982422,2023-09-05 00:00:00,2023-09-05 00:00,2023-09-05,2023-09-04,2023-09-01,2023-01-01,0.2974,0.082,3.97155826785702,1.946055390625,2.9434357625
1,13.388625,41.2344375,0.9594499969482422,7.73815625,6.86459375,23.20094140625,0.1335419921875,13.255082985734939,0.9900257110595703,2023-09-06 00:00:00,2023-09-06 00:00,2023-09-06,2023-09-04,2023-09-01,2023-01-01,0.2974,0.082,3.942061679957571,1.9024771953125,2.6760589937500003
1,15.41921875,41.406125,0.8886399841308594,7.27009375,7.446875,22.5019140625,0.1634208984375,15.25579775916338,0.9894014739990235,2023-09-07 00:00:00,2023-09-07 00:00,2023-09-07,2023-09-04,2023-09-01,2023-01-01,0.2974,0.082,4.537074253575189,1.845156953125,2.8108483125
1,9.15696875,41.18925,0.9796800231933593,6.60078125,4.89115625,26.6894609375,0.0956162109375,9.06135264808655,0.98955810546875,2023-09-08 00:00:00,2023-09-08 00:00,2023-09-08,2023-09-04,2023-09-01,2023-01-01,0.2974,0.082,2.6948462775409396,2.188535796875,1.99589393125
1,8.29721875,38.676,0.9999099731445312,6.50765625,5.420375,25.680390625,0.11588671875,8.181332294852734,0.9860330963134766,2023-09-09 00:00:00,2023-09-09 00:00,2023-09-09,2023-09-04,2023-09-01,2023-01-01,0.2974,0.082,2.4331282244892027,2.10579203125,2.1456473375
1,7.73615625,35.9153125,0.9156099700927735,5.21678125,5.78390625,25.19675,0.06560546875,7.670550726943016,0.9915196228027344,2023-09-10 00:00:00,2023-09-10 00:00,2023-09-10,2023-09-04,2023-09-01,2023-01-01,0.2974,0.082,2.281221786192853,2.0661335000000003,2.14790978125
1,13.585625,35.302625,0.9223600006103516,7.77453125,7.05359375,17.4659375,0.1268701171875,13.458755213069916,0.9906614685058593,2023-09-11 00:00:00,2023-09-11 00:00,2023-09-11,2023-09-11,2023-09-01,2023-01-01,0.2974,0.082,4.002633800366993,1.4322068749999999,2.7352503437499998
1,9.03309375,28.1524375,0.9021299743652343,6.851125,6.27071875,15.365171875,0.1328154296875,8.9002782164526,0.9852967834472657,2023-09-12 00:00:00,2023-09-12 00:00,2023-09-12,2023-09-11,2023-09-01,2023-01-01,0.2974,0.082,2.646942741573003,1.25994409375,2.42670400625
1,9.24134375,9.92475,0.5615599822998046,5.09834375,7.51296875,0.289375,0.222767578125,9.018576262979508,0.9758944702148438,2023-09-13 00:00:00,2023-09-13 00:00,2023-09-13,2023-09-11,2023-09-01,2023-01-01,0.2974,0.082,2.6821245806101057,0.02372875,2.65242109375
1,9.14371875,20.1306875,0.9695600128173828,11.55565625,6.78434375,3.1269375,0.230763671875,8.912954817752839,0.9747625732421875,2023-09-14 00:00:00,2023-09-14 00:00,2023-09-14,2023-09-11,2023-09-01,2023-01-01,0.2974,0.082,2.650712762799694,0.256408875,2.9652276437499996
1,7.8685,29.4536875,0.9695600128173828,6.46546875,5.7503125,18.18459375,0.5892421875,7.279257575492859,0.9251137542724609,2023-09-15 00:00:00,2023-09-15 00:00,2023-09-15,2023-09-11,2023-09-01,2023-01-01,0.2974,0.082,2.164851202951576,1.4911366875,2.240311375
1,6.6426875,29.937125,0.9763099670410156,5.83096875,5.136,19.5731875,0.246322265625,6.396364979009628,0.9629182434082031,2023-09-16 00:00:00,2023-09-16 00:00,2023-09-16,2023-09-11,2023-09-01,2023-01-01,0.2974,0.082,1.9022789447574635,1.605001375,2.0055858375
1,8.8154375,28.667375,0.8279399871826172,5.60265625,6.70315625,17.71165625,0.1472275390625,8.668209766697883,0.9832988739013672,2023-09-17 00:00:00,2023-09-17 00:00,2023-09-17,2023-09-11,2023-09-01,2023-01-01,0.2974,0.082,2.5779255846159503,1.4523558125000002,2.45293648125
1,9.36375,19.9775,0.912239990234375,8.679125,6.957625,5.73425,0.1609345703125,9.202815547657012,0.9828130340576172,2023-09-18 00:00:00,2023-09-18 00:00,2023-09-18,2023-09-18,2023-09-01,2023-01-01,0.2974,0.082,2.7369173438731953,0.47020850000000003,2.7808859249999998
1,11.2350625,25.03875,0.9021299743652343,7.9050625,7.36353125,10.01590625,0.1365751953125,11.098487471518515,0.9878438568115234,2023-09-19 00:00:00,2023-09-19 00:00,2023-09-19,2023-09-18,2023-09-01,2023-01-01,0.2974,0.082,3.3006901740296066,0.8213043125,2.83812931875
1,14.5131875,29.14325,0.8110800170898438,8.62696875,9.00459375,12.07009375,0.35285546875,14.160332085647584,0.975687255859375,2023-09-20 00:00:00,2023-09-20 00:00,2023-09-20,2023-09-18,2023-09-01,2023-01-01,0.2974,0.082,4.211282762271591,0.9897476875000001,3.3853776187499998
1,15.38025,15.8985,0.4738800048828125,8.4681875,11.63890625,0.854875,0.2591083984375,15.121141273212434,0.9831531524658204,2023-09-21 00:00:00,2023-09-21 00:00,2023-09-21,2023-09-18,2023-09-01,2023-01-01,0.2974,0.082,4.4970274146533775,0.07009975,4.15580209375
1,10.6671875,21.181625,0.767249984741211,12.5806875,8.2156875,3.120125,0.2898564453125,10.377331225156784,0.9728273010253906,2023-09-22 00:00:00,2023-09-22 00:00,2023-09-22,2023-09-18,2023-09-01,2023-01-01,0.2974,0.082,3.0862183063616273,0.25585025,3.4749618375
1,11.8684375,21.3755,0.7234100341796875,9.9110625,9.63559375,6.392375,0.434228515625,11.43420890262127,0.9634131622314454,2023-09-23 00:00:00,2023-09-23 00:00,2023-09-23,2023-09-18,2023-09-01,2023-01-01,0.2974,0.082,3.4005337276395657,0.52417475,3.67833270625
1,10.4298125,37.134875,0.9088700103759766,10.01675,7.04721875,20.35709375,0.159638671875,10.270173633275032,0.9846939849853515,2023-09-24 00:00:00,2023-09-24 00:00,2023-09-24,2023-09-18,2023-09-01,2023-01-01,0.2974,0.082,3.0543496385359945,1.6692816875,2.91721635625
1,13.64625,33.728875,0.9088700103759766,8.142875,7.514125,16.11425,0.10292578125,13.54332425880432,0.9924575805664062,2023-09-25 00:00:00,2023-09-25 00:00,2023-09-25,2023-09-25,2023-09-01,2023-01-01,0.2974,0.082,4.0277846345684045,1.3213685,2.902416525
1,12.8759375,28.229375,0.7773600006103516,7.80734375,8.563,12.867125,0.1142451171875,12.761692435956,0.9911272430419922,2023-09-26 00:00:00,2023-09-26 00:00,2023-09-26,2023-09-25,2023-09-01,2023-01-01,0.2974,0.082,3.7953273304533144,1.05510425,3.1868383875
1,15.07825,27.136,0.767249984741211,9.54496875,8.9245625,8.6929375,0.6588330078125,14.419417489681244,0.9563057708740235,2023-09-27 00:00:00,2023-09-27 00:00,2023-09-27,2023-09-25,2023-09-01,2023-01-01,0.2974,0.082,4.288334761431202,0.712820875,3.4368523250000003
1,13.2000625,19.948125,0.8009700012207032,10.5570625,9.4100625,2.66253125,0.423958984375,12.776103949661255,0.967882080078125,2023-09-28 00:00:00,2023-09-28 00:00,2023-09-28,2023-09-25,2023-09-01,2023-01-01,0.2974,0.082,3.799613314629257,0.2183275625,3.6642317125000003
1,11.01,14.88625,0.7571299743652343,8.85696875,8.106125,0.15546875,0.174947265625,10.83505312271118,0.9841101837158203,2023-09-29 00:00:00,2023-09-29 00:00,2023-09-29,2023-09-25,2023-09-01,2023-01-01,0.2974,0.082,3.222344798694305,0.0127484375,3.1370330125
1,12.1624375,25.687375,0.6930599975585937,8.648625,9.1753125,10.88375,0.11965625,12.042781244044305,0.9901618194580079,2023-09-30 00:00:00,2023-09-30 00:00,2023-09-30,2023-09-25,2023-09-01,2023-01-01,0.2974,0.082,3.581523141978776,0.8924675,3.4379251875
1,13.538625,29.746125,0.7267800140380859,11.10884375,9.8488125,11.72028125,0.18854296875,13.35008183941841,0.9860736846923828,2023-10-01 00:00:00,2023-10-01 00:00,2023-10-01,2023-09-25,2023-10-01,2023-01-01,0.2974,0.082,3.970314339043035,0.9610630625,3.839962025
1,10.08125,24.78625,0.9864199829101562,10.5145,6.69559375,7.69546875,0.144125,9.937125012874603,0.9857036590576171,2023-10-02 00:00:00,2023-10-02 00:00,2023-10-02,2023-10-02,2023-10-01,2023-01-01,0.2974,0.082,2.9553009788289066,0.6310284375,2.85345858125
1,10.909875,6.829,0.3457500076293945,3.1065,10.03690625,0.09175,0.117068359375,10.79280642783165,0.9892694854736328,2023-10-03 00:00:00,2023-10-03 00:00,2023-10-03,2023-10-02,2023-10-01,2023-01-01,0.2974,0.082,3.2097806316371327,0.0075235,3.23970891875
1,11.77525,16.456875,0.6492299652099609,10.5475625,5.3166875,0.132,3.70648046875,8.068769240627288,0.6852312469482422,2023-10-04 00:00:00,2023-10-04 00:00,2023-10-04,2023-10-02,2023-10-01,2023-01-01,0.2974,0.082,2.3996519721625558,0.010824,2.4460829875
1,15.155625,13.503625,0.17378000259399415,5.8041875,10.42778125,0.1593125,0.24903125,14.906594141578674,0.9835684204101562,2023-10-05 00:00:00,2023-10-05 00:00,2023-10-05,2023-10-02,2023-10-01,2023-01-01,0.2974,0.082,4.4332210977054975,0.013063625,3.57716551875
1,10.7449375,27.871,0.912239990234375,11.959625,3.50934375,8.746125,3.33380859375,7.411129469404221,0.6897322082519531,2023-10-06 00:00:00,2023-10-06 00:00,2023-10-06,2023-10-02,2023-10-01,2023-01-01,0.2974,0.082,2.204069904200815,0.71718225,2.02436808125
1,11.9431875,21.806375,0.7503900146484375,8.3095,9.43103125,8.0043125,0.17204296875,11.771144258494378,0.9855948638916016,2023-10-07 00:00:00,2023-10-07 00:00,2023-10-07,2023-10-02,2023-10-01,2023-01-01,0.2974,0.082,3.5007383024762277,0.6563536249999999,3.48616769375
1,12.5878125,7.05025,0.0,2.969875,10.1794375,0.10115625,1.198369140625,11.389443568825723,0.9047992706298829,2023-10-08 00:00:00,2023-10-08 00:00,2023-10-08,2023-10-02,2023-10-01,2023-01-01,0.2974,0.082,3.3872205173687697,0.0082948125,3.2708944625000003
1,13.8148125,13.226625,0.15354999542236328,7.6911875,5.2375,0.14453125,5.611130859375,8.203681646368505,0.5938322830200196,2023-10-09 00:00:00,2023-10-09 00:00,2023-10-09,2023-10-09,2023-10-01,2023-01-01,0.2974,0.082,2.4397749216299935,0.011851562500000001,2.188309875
1,11.12975,25.686875,0.8245700073242187,11.8155625,4.146375,6.995125,3.131732421875,7.998017584896087,0.7186161041259765,2023-10-10 00:00:00,2023-10-10 00:00,2023-10-10,2023-10-09,2023-10-01,2023-01-01,0.2974,0.082,2.3786104297480963,0.57360025,2.20200805
1,11.449375,20.792625,0.7166699981689453,8.383875,8.9406875,6.85440625,0.11265625,11.336719131851197,0.9901605224609376,2023-10-11 00:00:00,2023-10-11 00:00,2023-10-11,2023-10-09,2023-10-01,2023-01-01,0.2974,0.082,3.371540269812546,0.5620613125,3.3464382125
1,11.5226875,4.820375,0.0,1.6004375,8.50625,0.0806875,2.48078125,9.041905768585206,0.78470458984375,2023-10-12 00:00:00,2023-10-12 00:00,2023-10-12,2023-10-09,2023-10-01,2023-01-01,0.2974,0.082,2.68906277557724,0.006616375,2.660994625
1,13.374125,13.497,0.2783099937438965,9.4106875,5.9241875,0.18834375,5.85541796875,7.518707227463722,0.5621831130981445,2023-10-13 00:00:00,2023-10-13 00:00,2023-10-13,2023-10-09,2023-10-01,2023-01-01,0.2974,0.082,2.2360635294477107,0.015444187500000001,2.5335297375000003
1,13.52625,15.55575,0.480629997253418,9.837625,6.5435,0.19309375,4.44698046875,9.079269310855866,0.6712332916259766,2023-10-14 00:00:00,2023-10-14 00:00,2023-10-14,2023-10-09,2023-10-01,2023-01-01,0.2974,0.082,2.700174693048534,0.015833687500000002,2.75272215
1,16.947625,14.544375,0.29517000198364257,7.1129375,8.6983125,0.3221875,4.10066015625,12.846964869804381,0.7580392456054688,2023-10-15 00:00:00,2023-10-15 00:00,2023-10-15,2023-10-09,2023-10-01,2023-01-01,0.2974,0.082,3.820687352279823,0.026419375000000002,3.1701390125
1,17.1056875,16.255125,0.3929600143432617,9.3561875,7.818,0.271125,5.489375,11.616312485251425,0.6790906524658203,2023-10-16 00:00:00,2023-10-16 00:00,2023-10-16,2023-10-16,2023-10-01,2023-01-01,0.2974,0.082,3.454691333113774,0.022232250000000002,3.092280575
1,15.5125625,26.27725,0.7766100311279297,11.5650625,6.7801875,7.2471875,4.486375,11.026187687292099,0.7107908630371094,2023-10-17 00:00:00,2023-10-17 00:00,2023-10-17,2023-10-16,2023-10-01,2023-01-01,0.2974,0.082,3.2791882182006704,0.594269375,2.9647628875
1,14.0274375,17.772375,0.7089399719238281,11.761875,11.2594375,0.1595625,0.174625,13.852812641186713,0.9875511932373047,2023-10-18 00:00:00,2023-10-18 00:00,2023-10-18,2023-10-16,2023-10-01,2023-01-01,0.2974,0.082,4.119826479488928,0.013084125,4.3130304625
1,14.6639375,9.21375,0.0770300006866455,3.3264375,9.771,0.16975,2.28494921875,12.37898810734272,0.8441790008544922,2023-10-19 00:00:00,2023-10-19 00:00,2023-10-19,2023-10-16,2023-10-01,2023-01-01,0.2974,0.082,3.681511063123725,0.013919500000000001,3.1786632750000003
1,15.0485,3.151625,0.0,0.6136875,1.44575,0.0149375,12.85898046875,2.1895193216323854,0.14549751281738282,2023-10-20 00:00:00,2023-10-20 00:00,2023-10-20,2023-10-16,2023-10-01,2023-01-01,0.2974,0.082,0.6511630462534714,0.001224875,0.4802884250000001
1,9.78725,16.3005,0.7701100158691406,11.7941875,1.7665,0.17303125,6.072234375,3.7150152513122556,0.3795770263671875,2023-10-21 00:00:00,2023-10-21 00:00,2023-10-21,2023-10-16,2023-10-01,2023-01-01,0.2974,0.082,1.104845535740265,0.0141885625,1.492480475
1,10.356625,7.66925,0.23767999649047852,3.5091875,8.97725,0.16059375,0.1553828125,10.201242438793182,0.9849967956542969,2023-10-22 00:00:00,2023-10-22 00:00,2023-10-22,2023-10-16,2023-10-01,2023-01-01,0.2974,0.082,3.0338495012970923,0.013168687500000002,2.9575875249999997
1,16.1030625,12.074875,0.0,5.1395625,7.6404375,0.099125,4.3931328125,11.709929790358542,0.7271865081787109,2023-10-23 00:00:00,2023-10-23 00:00,2023-10-23,2023-10-23,2023-10-01,2023-01-01,0.2974,0.082,3.4825331196526306,0.00812825,2.6937102375000004
1,14.321875,9.1005,0.0,4.0576875,3.604375,0.1245,7.6993828125,6.622492605686188,0.4624040222167969,2023-10-24 00:00:00,2023-10-24 00:00,2023-10-24,2023-10-23,2023-10-01,2023-01-01,0.2974,0.082,1.9695293009310721,0.010209000000000001,1.4046715
1,16.0899375,3.54225,0.0,0.72375,0.2975625,0.00653125,14.703390625,1.3865467304706576,0.08617477416992188,2023-10-25 00:00:00,2023-10-25 00:00,2023-10-25,2023-10-23,2023-10-01,2023-01-01,0.2974,0.082,0.41235899764197353,0.0005355625,0.1478425875
1,16.3065,7.860125,0.0,3.3248125,3.4053125,0.14271875,10.410875,5.895625450687408,0.3615506362915039,2023-10-26 00:00:00,2023-10-26 00:00,2023-10-26,2023-10-23,2023-10-01,2023-01-01,0.2974,0.082,1.753359009034435,0.011702937500000002,1.2853745625
1,15.336625,3.890125,0.0,1.30025,0.9373125,0.02271875,13.494921875,1.8417031624412536,0.12008529663085937,2023-10-27 00:00:00,2023-10-27 00:00,2023-10-27,2023-10-23,2023-10-01,2023-01-01,0.2974,0.082,0.5477225205100288,0.0018629375,0.3853772375
1,19.77925,10.86975,0.0,5.5641875,5.331125,0.189375,11.312765625,8.466483878269196,0.4280487823486328,2023-10-28 00:00:00,2023-10-28 00:00,2023-10-28,2023-10-23,2023-10-01,2023-01-01,0.2974,0.082,2.517932305397259,0.01552875,2.04173995
1,15.761625,4.969875,0.0,2.6989375,2.3194375,0.02646875,12.86071875,2.9009052435493468,0.18404861450195312,2023-10-29 00:00:00,2023-10-29 00:00,2023-10-29,2023-10-23,2023-10-01,2023-01-01,0.2974,0.082,0.8627292194315758,0.0021704375,0.9111135875
1,16.585875,10.784875,0.0,5.4898125,4.9715,0.09896875,8.618921875,7.966952903037072,0.48034564971923827,2023-10-30 00:00:00,2023-10-30 00:00,2023-10-30,2023-10-30,2023-10-01,2023-01-01,0.2974,0.082,2.369371793363225,0.0081154375,1.928688725
1,15.70875,11.36225,0.0,7.2189375,6.5871875,0.155625,7.45896875,8.249781347036363,0.5251710891723633,2023-10-31 00:00:00,2023-10-31 00:00,2023-10-31,2023-10-30,2023-10-01,2023-01-01,0.2974,0.082,2.453484972608614,0.012761250000000002,2.5509824375
1,13.082875,14.114,0.25906999588012697,9.410375,5.962625,0.1936875,5.144015625,7.938859272575378,0.6068130493164062,2023-11-01 00:00:00,2023-11-01 00:00,2023-11-01,2023-10-30,2023-11-01,2023-01-01,0.2974,0.082,2.3610167476639172,0.015882375,2.5449354250000003
1,12.331625,11.672625,0.31738000869750976,7.43975,6.1173125,0.10728125,4.809671875,7.521953022217751,0.6099725723266601,2023-11-02 00:00:00,2023-11-02 00:00,2023-11-02,2023-10-30,2023-11-01,2023-01-01,0.2974,0.082,2.237028828807559,0.0087970625,2.4293482375
1,17.495125,8.7355,0.0,4.720875,7.8995625,0.1880625,8.358953125,9.136172056417465,0.5222124481201171,2023-11-03 00:00:00,2023-11-03 00:00,2023-11-03,2023-10-30,2023-11-01,2023-01-01,0.2974,0.082,2.717097569578554,0.015421125,2.7364416375
1,12.919125,5.505,0.0,3.16475,2.776,0.026,9.75028125,3.168843375921249,0.2452831268310547,2023-11-04 00:00:00,2023-11-04 00:00,2023-11-04,2023-10-30,2023-11-01,2023-01-01,0.2974,0.082,0.9424140199989794,0.0021319999999999998,1.0850918999999999
1,12.45375,2.61725,0.0,0.8601875,0.2951875,0.006875,11.94903125,0.5047193075180054,0.04052749633789063,2023-11-05 00:00:00,2023-11-05 00:00,2023-11-05,2023-10-30,2023-11-01,2023-01-01,0.2974,0.082,0.1501035220558548,0.00056375,0.1583241375
1,19.33575,8.82125,0.0,2.8041875,2.9338125,0.136875,12.26915625,7.066593942804337,0.3654677963256836,2023-11-06 00:00:00,2023-11-06 00:00,2023-11-06,2023-11-06,2023-11-01,2023-01-01,0.2974,0.082,2.1016050385900096,0.01122375,1.1024592125000001
1,20.05,4.557,0.0,1.3423125,0.9940625,0.020125,17.33240625,2.7175939979553223,0.13554084777832032,2023-11-07 00:00:00,2023-11-07 00:00,2023-11-07,2023-11-06,2023-11-01,2023-01-01,0.2974,0.082,0.8082124549919129,0.00165025,0.4057038125
1,21.995375,9.495,0.0,4.2914375,4.1031875,0.36771875,14.960578125,7.034796265172958,0.31983070373535155,2023-11-08 00:00:00,2023-11-08 00:00,2023-11-08,2023-11-06,2023-11-01,2023-01-01,0.2974,0.082,2.0921484092624376,0.0301529375,1.5721858374999997
1,16.941125,5.1495,0.0,2.7046875,2.2950625,0.0504375,13.94984375,2.9912811232757566,0.1765692138671875,2023-11-09 00:00:00,2023-11-09 00:00,2023-11-09,2023-11-06,2023-11-01,2023-01-01,0.2974,0.082,0.88960700606221,0.004135875000000001,0.9043359624999999
1,20.570375,6.429375,0.0,3.0799375,2.6795,0.092125,16.1391875,4.431186966896057,0.21541595458984375,2023-11-10 00:00:00,2023-11-10 00:00,2023-11-10,2023-11-06,2023-11-01,2023-01-01,0.2974,0.082,1.3178350039548874,0.00755425,1.049438175
1,17.32875,5.612875,0.0,2.635375,2.3145625,0.04565625,13.80696875,3.5217810175895687,0.20323341369628906,2023-11-11 00:00:00,2023-11-11 00:00,2023-11-11,2023-11-06,2023-11-01,2023-01-01,0.2974,0.082,1.0473776746311378,0.0037438125,0.9044516375
1,19.9135,11.69725,0.0,6.8173125,6.00875,0.178375,11.3450625,8.568436969032287,0.43028282165527343,2023-11-12 00:00:00,2023-11-12 00:00,2023-11-12,2023-11-06,2023-11-01,2023-01-01,0.2974,0.082,2.5482531545902023,0.01462675,2.346021875
1,18.244625,1.224,0.0,0.0745625,0.3111875,0.0016875,17.87115625,0.373468331193924,0.020470046997070314,2023-11-13 00:00:00,2023-11-13 00:00,2023-11-13,2023-11-13,2023-11-01,2023-01-01,0.2974,0.082,0.111069481697073,0.00013837500000000002,0.0986612875
1,19.893125,2.623625,0.0,0.85375,0.5813125,0.0064375,18.9935625,0.8995631906986238,0.045219802856445314,2023-11-14 00:00:00,2023-11-14 00:00,2023-11-14,2023-11-13,2023-11-01,2023-01-01,0.2974,0.082,0.2675300929137707,0.000527875,0.2428898375
1,15.819,6.3785,0.0,3.3125,2.8364375,0.06671875,11.69590625,4.123093598556519,0.26064186096191405,2023-11-15 00:00:00,2023-11-15 00:00,2023-11-15,2023-11-13,2023-11-01,2023-01-01,0.2974,0.082,1.2262080362107086,0.0054709375,1.1151815125
1,21.719,2.5405,0.0,0.5996875,0.2996875,0.00103125,20.73671875,0.9822813448333741,0.045226821899414064,2023-11-16 00:00:00,2023-11-16 00:00,2023-11-16,2023-11-13,2023-11-01,2023-01-01,0.2974,0.082,0.2921304719534455,8.45625e-05,0.1383014375
1,23.505125,7.400875,0.0,2.45825,2.400625,0.030125,17.941,5.564125328178406,0.23671966552734375,2023-11-17 00:00:00,2023-11-17 00:00,2023-11-17,2023-11-13,2023-11-01,2023-01-01,0.2974,0.082,1.654770872600258,0.0024702500000000002,0.915522375
1,22.704125,2.1935,0.0,0.872,0.5910625,0.0018125,22.19359375,0.5105310187911988,0.02248626708984375,2023-11-18 00:00:00,2023-11-18 00:00,2023-11-18,2023-11-13,2023-11-01,2023-01-01,0.2974,0.082,0.1518319249885025,0.00014862500000000002,0.24728598750000003
1,13.70025,4.341,0.0,1.27025,0.943625,0.01478125,11.16421875,2.53603049949646,0.18510833740234375,2023-11-19 00:00:00,2023-11-19 00:00,2023-11-19,2023-11-13,2023-11-01,2023-01-01,0.2974,0.082,0.7542154705502472,0.0012120625,0.384794575
1,19.457875,5.067875,0.0,1.6143125,1.230875,0.04325,16.27896875,3.178906872739792,0.16337379455566406,2023-11-20 00:00:00,2023-11-20 00:00,2023-11-20,2023-11-20,2023-11-01,2023-01-01,0.2974,0.082,0.9454069039528141,0.0035464999999999997,0.49843585
1,17.81225,2.723375,0.0,0.327,0.3065625,0.0035,16.3495,1.4627511240005493,0.08212051391601563,2023-11-21 00:00:00,2023-11-21 00:00,2023-11-21,2023-11-20,2023-11-01,2023-01-01,0.2974,0.082,0.43502218427776335,0.00028700000000000004,0.1179856875
1,23.2495,12.29075,0.0,6.4385,5.747375,0.1716875,13.96484375,9.284655329055786,0.39934860229492186,2023-11-22 00:00:00,2023-11-22 00:00,2023-11-22,2023-11-20,2023-11-01,2023-01-01,0.2974,0.082,2.7612564948611906,0.014078375,2.237226325
1,19.673375,0.26225,0.0,0.5538125,0.3118125,0.0,20.426125,0.0,0.0,2023-11-23 00:00:00,2023-11-23 00:00,2023-11-23,2023-11-20,2023-11-01,2023-01-01,0.2974,0.082,0.0,0.0,0.1381456625
1,22.124125,4.02,0.0,1.2080625,1.2755625,0.01746875,19.4528125,2.6713135610866545,0.12074211120605469,2023-11-24 00:00:00,2023-11-24 00:00,2023-11-24,2023-11-20,2023-11-01,2023-01-01,0.2974,0.082,0.794448653067171,0.0014324375000000001,0.4784134125
1,20.8085,2.620125,0.0,1.1465625,0.8669375,0.0071875,19.89325,0.9152488671874999,0.043984375,2023-11-25 00:00:00,2023-11-25 00:00,2023-11-25,2023-11-20,2023-11-01,2023-01-01,0.2974,0.082,0.27219501310156247,0.0005893750000000001,0.3518453375
1,17.883125,2.484625,0.0,1.2426875,0.811125,0.01084375,17.082625,0.8005001501083374,0.04476287841796875,2023-11-26 00:00:00,2023-11-26 00:00,2023-11-26,2023-11-20,2023-11-01,2023-01-01,0.2974,0.082,0.23806874464221955,0.0008891875,0.34312895
1,24.741375,0.887625,0.0,0.8565625,0.575,0.0016875,25.246125,0.0,0.0,2023-11-27 00:00:00,2023-11-27 00:00,2023-11-27,2023-11-27,2023-11-01,2023-01-01,0.2974,0.082,0.0,0.00013837500000000002,0.241243125
1,31.74975,0.247,0.0,0.57325,0.308875,0.0,32.4756875,0.0,0.0,2023-11-28 00:00:00,2023-11-28 00:00,2023-11-28,2023-11-27,2023-11-01,2023-01-01,0.2974,0.082,0.0,0.0,0.138865925
1,30.986875,0.7685,0.0,0.9165,0.5778125,0.0089375,31.5201875,0.0,0.0,2023-11-29 00:00:00,2023-11-29 00:00,2023-11-29,2023-11-27,2023-11-01,2023-01-01,0.2974,0.082,0.0,0.000732875,0.24699443749999997
1,26.418875,8.55175,0.0,5.63725,5.2755,0.22315625,20.345375,6.0734992537117005,0.22989242553710937,2023-11-30 00:00:00,2023-11-30 00:00,2023-11-30,2023-11-27,2023-11-01,2023-01-01,0.2974,0.082,1.8062586780538596,0.0182988125,2.0311882
1,29.126875,0.804,0.0,0.7865,0.5914375,0.00065625,29.7646875,0.0,0.0,2023-12-01 00:00:00,2023-12-01 00:00,2023-12-01,2023-11-27,2023-12-01,2023-01-01,0.2974,0.082,0.0,5.381250000000001e-05,0.24038651249999998
1,24.48725,7.030125,0.0,3.766375,3.2724375,0.02753125,19.58975,4.897498573951721,0.20000198364257812,2023-12-02 00:00:00,2023-12-02 00:00,2023-12-02,2023-11-27,2023-12-01,2023-01-01,0.2974,0.082,1.4565160758932418,0.0022575625,1.2820656625
1,27.126375,8.144875,0.0,3.6530625,3.1680625,0.045375,21.03675,6.08962614944458,0.224490966796875,2023-12-03 00:00:00,2023-12-03 00:00,2023-12-03,2023-11-27,2023-12-01,2023-01-01,0.2974,0.082,1.8110548168448182,0.00372075,1.2417329125
1,32.82925,2.8415,0.0,0.6915625,0.293,0.00584375,31.73625,1.092999224243164,0.03329345703125,2023-12-04 00:00:00,2023-12-04 00:00,2023-12-04,2023-12-04,2023-12-01,2023-01-01,0.2974,0.082,0.325057969289917,0.0004791875,0.143846325
1,23.538875,3.44525,0.0,0.2838125,0.3061875,0.01303125,21.572,1.966874934282303,0.08355857849121094,2023-12-05 00:00:00,2023-12-05 00:00,2023-12-05,2023-12-04,2023-12-01,2023-01-01,0.2974,0.082,0.5849486054555569,0.0010685625,0.1143327875
1,30.796125,1.017,0.0,0.671,0.2905,0.0,31.2498125,0.0,0.0,2023-12-06 00:00:00,2023-12-06 00:00,2023-12-06,2023-12-04,2023-12-01,2023-01-01,0.2974,0.082,0.0,0.0,0.1414167
1,21.88875,12.893625,0.0,7.1409375,6.8000625,0.079375,11.5264375,10.362312971162797,0.47340816497802735,2023-12-07 00:00:00,2023-12-07 00:00,2023-12-07,2023-12-04,2023-12-01,2023-01-01,0.2974,0.082,3.081751877623816,0.006508750000000001,2.6078954625
1,22.346375,1.373125,0.0,0.6345,0.285,0.00196875,22.51975,0.0,0.0,2023-12-08 00:00:00,2023-12-08 00:00,2023-12-08,2023-12-04,2023-12-01,2023-01-01,0.2974,0.082,0.0,0.00016143750000000001,0.136788
1,15.585375,3.56625,0.0,1.086,0.94725,0.01221875,13.4854375,2.0999376032066346,0.13473770141601563,2023-12-09 00:00:00,2023-12-09 00:00,2023-12-09,2023-12-04,2023-12-01,2023-01-01,0.2974,0.082,0.6245214431936531,0.0010019375,0.37076415
1,17.785875,2.850625,0.0,1.67025,1.2115625,0.02884375,16.7314375,1.054437835636139,0.059285125732421874,2023-12-10 00:00:00,2023-12-10 00:00,2023-12-10,2023-12-04,2023-12-01,2023-01-01,0.2974,0.082,0.3135898123181877,0.0023651875,0.4972791875
1,20.601625,1.4825,0.0,0.669625,0.2893125,0.00040625,20.79375,0.0,0.0,2023-12-11 00:00:00,2023-12-11 00:00,2023-12-11,2023-12-11,2023-12-01,2023-01-01,0.2974,0.082,0.0,3.3312499999999997e-05,0.1409507875
1,19.738375,5.647,0.0,2.5059375,2.4513125,0.0495625,15.63725,4.101125083599091,0.20777420043945313,2023-12-12 00:00:00,2023-12-12 00:00,2023-12-12,2023-12-11,2023-12-01,2023-01-01,0.2974,0.082,1.2196745998623697,0.004064125,0.9345072125
1,20.2375,2.6595,0.0,0.952625,0.58275,0.00809375,19.3239375,0.9135624256134033,0.04514205932617187,2023-12-13 00:00:00,2023-12-13 00:00,2023-12-13,2023-12-11,2023-12-01,2023-01-01,0.2974,0.082,0.2716934653774261,0.0006636875,0.2514251
1,19.026125,0.256,0.0,0.6159375,0.305875,0.0,19.7446875,0.0,0.0,2023-12-14 00:00:00,2023-12-14 00:00,2023-12-14,2023-12-11,2023-12-01,2023-01-01,0.2974,0.082,0.0,0.0,0.1414741
1,21.94475,2.051875,0.0,0.5168125,0.294375,6.25e-05,21.3734375,0.5713115555953979,0.026034088134765626,2023-12-15 00:00:00,2023-12-15 00:00,2023-12-15,2023-12-11,2023-12-01,2023-01-01,0.2974,0.082,0.16990805663407135,5.125e-06,0.12992575
1,23.95325,3.44225,0.0,0.2723125,0.30475,0.00228125,21.7444375,2.2088115802764894,0.09221343994140625,2023-12-16 00:00:00,2023-12-16 00:00,2023-12-16,2023-12-11,2023-12-01,2023-01-01,0.2974,0.082,0.6569005639742279,0.0001870625,0.11296227500000001
1,24.59725,4.739625,0.0,1.5703125,1.2886875,0.05303125,21.5949375,3.002312500953674,0.12205886840820312,2023-12-17 00:00:00,2023-12-17 00:00,2023-12-17,2023-12-11,2023-12-01,2023-01-01,0.2974,0.082,0.8928877377836226,0.0043485625,0.5120212875
1,25.673,4.32275,0.0,1.367375,1.073,0.04575,22.9998125,2.673187022399902,0.10412445068359374,2023-12-18 00:00:00,2023-12-18 00:00,2023-12-18,2023-12-18,2023-12-01,2023-01-01,0.2974,0.082,0.7950058204617308,0.0037515,0.43123495
1,21.39175,1.067875,0.0,0.927125,0.5741875,0.002125,21.719375,0.0,0.0,2023-12-19 00:00:00,2023-12-19 00:00,2023-12-19,2023-12-18,2023-12-01,2023-01-01,0.2974,0.082,0.0,0.00017425,0.24678761249999998
1,23.77875,0.56675,0.0,0.663625,0.308375,0.0,24.644125,0.0,0.0,2023-12-20 00:00:00,2023-12-20 00:00,2023-12-20,2023-12-18,2023-12-01,2023-01-01,0.2974,0.082,0.0,0.0,0.14612797500000002
1,18.878,0.46275,0.0,0.324375,0.3040625,0.0,19.13725,0.0,0.0,2023-12-21 00:00:00,2023-12-21 00:00,2023-12-21,2023-12-18,2023-12-01,2023-01-01,0.2974,0.082,0.0,0.0,0.11702693750000001
1,19.5785,1.026875,0.0,0.8643125,0.59,0.014875,20.1425,0.0,0.0,2023-12-22 00:00:00,2023-12-22 00:00,2023-12-22,2023-12-18,2023-12-01,2023-01-01,0.2974,0.082,0.0,0.00121975,0.246339625
1,22.49275,0.203125,0.0,0.51125,0.311125,0.0,23.149375,0.0,0.0,2023-12-23 00:00:00,2023-12-23 00:00,2023-12-23,2023-12-18,2023-12-01,2023-01-01,0.2974,0.082,0.0,0.0,0.13445107499999998
1,20.49675,0.64,0.0,0.70125,0.312875,0.0,21.4105,0.0,0.0,2023-12-24 00:00:00,2023-12-24 00:00,2023-12-24,2023-12-18,2023-12-01,2023-01-01,0.2974,0.082,0.0,0.0,0.15055152500000002
1,15.95175,0.835625,0.0,0.6015625,0.2911875,0.0,16.4055,0.0,0.0,2023-12-25 00:00:00,2023-12-25 00:00,2023-12-25,2023-12-25,2023-12-01,2023-01-01,0.2974,0.082,0.0,0.0,0.1359272875
1,13.7635,3.57725,0.0,1.36875,1.3964375,0.027125,11.56875,2.1947496438980103,0.1594615936279297,2023-12-26 00:00:00,2023-12-26 00:00,2023-12-26,2023-12-25,2023-12-01,2023-01-01,0.2974,0.082,0.6527185440952683,0.00222425,0.5275380125
1,22.015,2.0505,0.0,0.8916875,0.5735,0.0125625,21.544125,0.47087564239501956,0.02138885498046875,2023-12-27 00:00:00,2023-12-27 00:00,2023-12-27,2023-12-25,2023-12-01,2023-01-01,0.2974,0.082,0.14003841604827882,0.001030125,0.24367727500000003
1,21.177,4.045125,0.0,1.0170625,0.581125,0.0065625,18.899875,2.2771253004455567,0.10752822875976563,2023-12-28 00:00:00,2023-12-28 00:00,2023-12-28,2023-12-25,2023-12-01,2023-01-01,0.2974,0.082,0.6772170643525086,0.000538125,0.2562257
1,20.942,0.945,0.0,0.2334375,0.3063125,0.000125,21.055375,0.0,0.0,2023-12-29 00:00:00,2023-12-29 00:00,2023-12-29,2023-12-25,2023-12-01,2023-01-01,0.2974,0.082,0.0,1.025e-05,0.1102392125
1,21.66975,4.79575,0.0,1.533,1.3356875,0.0134375,18.553625,3.1161243342590335,0.1438006591796875,2023-12-30 00:00:00,2023-12-30 00:00,2023-12-30,2023-12-25,2023-12-01,2023-01-01,0.2974,0.082,0.9267353770086365,0.001101875,0.5229394625
1,28.24275,2.0155,0.0,0.909125,0.572,0.018,27.79625,0.44649884674072265,0.015809326171875,2023-12-31 00:00:00,2023-12-31 00:00,2023-12-31,2023-12-25,2023-12-01,2023-01-01,0.2974,0.082,0.13278875702069093,0.0014759999999999999,0.24466105
1,21.93475,1.8005,0.0,0.8529375,0.5854375,0.0016875,21.5595,0.3752496995544434,0.0171075439453125,2024-01-01 00:00:00,2024-01-01 00:00,2024-01-01,2024-01-01,2024-01-01,2024-01-01,0.3093,0.082,0.11606473207218936,0.00013837500000000002,0.25101669375
1,22.04325,0.847125,0.0,0.8095,0.5895625,0.003375,22.495375,0.0,0.0,2024-01-02 00:00:00,2024-01-02 00:00,2024-01-02,2024-01-01,2024-01-01,2024-01-01,0.3093,0.082,0.0,0.00027675000000000003,0.24873068125000003
1,20.96275,2.169875,0.0,0.86325,0.58925,0.009,20.239,0.7237500111198425,0.03452552795410156,2024-01-03 00:00:00,2024-01-03 00:00,2024-01-03,2024-01-01,2024-01-01,2024-01-01,0.3093,0.082,0.2238558784393673,0.0007379999999999999,0.253041525
1,20.38775,1.349375,0.0,0.8135625,0.583375,0.01084375,20.5415,0.0,0.0,2024-01-04 00:00:00,2024-01-04 00:00,2024-01-04,2024-01-01,2024-01-01,2024-01-01,0.3093,0.082,0.0,0.0008891875,0.24715001250000002
1,23.51325,2.0315,0.0,0.8431875,0.597125,0.00309375,23.079625,0.4336260063171386,0.0184417724609375,2024-01-05 00:00:00,2024-01-05 00:00,2024-01-05,2024-01-01,2024-01-01,2024-01-01,0.3093,0.082,0.13412052375389097,0.0002536875,0.2538321375
1,23.968,0.52425,0.0,0.7044375,0.3045625,0.0,24.876,0.0,0.0,2024-01-06 00:00:00,2024-01-06 00:00,2024-01-06,2024-01-01,2024-01-01,2024-01-01,0.3093,0.082,0.0,0.0,0.15196505625
1,31.13975,0.983875,0.0,0.6085,0.286625,0.0,31.4865,0.0,0.0,2024-01-07 00:00:00,2024-01-07 00:00,2024-01-07,2024-01-01,2024-01-01,2024-01-01,0.3093,0.082,0.0,0.0,0.13855011250000002
1,35.965,13.174,0.0,4.32375,4.2235625,0.1356875,24.731875,11.233124674987794,0.31233489990234375,2024-01-08 00:00:00,2024-01-08 00:00,2024-01-08,2024-01-08,2024-01-01,2024-01-01,0.3093,0.082,3.474405461973725,0.011126374999999999,1.66089538125
1,39.05675,16.525625,0.3218000030517578,14.3799375,9.571125,9.080875,31.3765,7.680251003036499,0.19664337158203124,2024-01-09 00:00:00,2024-01-09 00:00,2024-01-09,2024-01-08,2024-01-01,2024-01-01,0.3093,0.082,2.3755016352391896,0.74463175,4.1395038375
1,47.34125,7.54375,0.0,8.6636875,12.246375,5.763,34.232625,13.108627135658264,0.2768965148925781,2024-01-10 00:00:00,2024-01-10 00:00,2024-01-10,2024-01-08,2024-01-01,2024-01-01,0.3093,0.082,4.0544983730591015,0.472566,4.498226162500001
1,25.60625,15.30225,0.0,7.056375,6.5575625,0.17678125,12.805875,12.80037432861328,0.499892578125,2024-01-11 00:00:00,2024-01-11 00:00,2024-01-11,2024-01-08,2024-01-01,2024-01-01,0.3093,0.082,3.959155779840088,0.0144960625,2.60687683125
1,33.687,1.142,0.0,0.5958125,0.310375,0.0,33.7675,0.0,0.0,2024-01-12 00:00:00,2024-01-12 00:00,2024-01-12,2024-01-08,2024-01-01,2024-01-01,0.3093,0.082,0.0,0.0,0.1448556125
1,24.58975,0.912,0.0,0.5968125,0.31075,0.00034375,24.876375,0.0,0.0,2024-01-13 00:00:00,2024-01-13 00:00,2024-01-13,2024-01-08,2024-01-01,2024-01-01,0.3093,0.082,0.0,2.81875e-05,0.1450536
1,32.397,0.09325,0.0,0.596125,0.310375,0.0,33.076625,0.0,0.0,2024-01-14 00:00:00,2024-01-14 00:00,2024-01-14,2024-01-08,2024-01-01,2024-01-01,0.3093,0.082,0.0,0.0,0.1448812375
1,25.82225,0.0045,0.0,0.593,0.31025,0.0,26.439625,0.0,0.0,2024-01-15 00:00:00,2024-01-15 00:00,2024-01-15,2024-01-15,2024-01-01,2024-01-01,0.3093,0.082,0.0,0.0,0.14458632500000002
1,32.6705,2.96,0.0,0.3853125,0.3053125,0.01571875,30.713625,1.9568750124359129,0.05989730834960937,2024-01-16 00:00:00,2024-01-16 00:00,2024-01-16,2024-01-15,2024-01-01,2024-01-01,0.3093,0.082,0.6052614413464279,0.0012889375000000002,0.12602878125
