startTimestamp,weekTimestamp,monthTimestamp,yearTimestamp,hausverbrauch_v,solarproduktion_v,batterie_ladezustand_p,batterie_laden_v,batterie_entladen_v,netz_einspeisung_v,netz_bezug_v,netz_bezug_p,eigenstrom_p,eigenstrom_v,kosten_strompreis_e,kosten_einspeisepreis_e,kosten_strom_g,kosten_einspeise_g,batterie_einsparung_v

2023-07-26,2023-07-24,2023-07-01,2023-01-01,4.1561,15.9591,0.97194,10.6268,0.8225,0.5963,0.1843,0.7661,0.955647,3.9717,0.2974,0.082,1.1812,0.0489,1.116
2023-07-27,2023-07-24,2023-07-01,2023-01-01,13.3591,11.0671,0.56493,4.5758,9.8745,0.2654,0.4274,5.71,0.968005,12.9317,0.2974,0.082,3.8459,0.0218,3.3119
2023-07-28,2023-07-24,2023-07-01,2023-01-01,13.829,22.319,0.84817,13.2045,8.3203,0.7372,0.7881,10.8991,0.943009,13.0409,0.2974,0.082,3.8784,0.0604,3.5572
2023-07-29,2023-07-24,2023-07-01,2023-01-01,16.8013,21.0426,0.88527,9.3438,8.4843,1.5324,1.6731,28.1097,0.900421,15.1283,0.2974,0.082,4.4991,0.1257,3.2894
2023-07-30,2023-07-24,2023-07-01,2023-01-01,13.5005,18.2899,0.94596,8.9172,7.5695,0.2493,0.2581,3.484,0.980885,13.2425,0.2974,0.082,3.9383,0.0204,2.9824
2023-07-31,2023-07-31,2023-07-01,2023-01-01,10.0351,10.3317,0.65934,5.01,7.8392,0.124,0.1417,1.4216,0.985883,9.8935,0.2974,0.082,2.9423,0.0102,2.7422
2023-08-01,2023-07-31,2023-08-01,2023-01-01,12.2355,19.4485,0.88189,12.3155,8.5821,0.2428,0.2558,3.1297,0.979095,11.9797,0.2974,0.082,3.5628,0.0199,3.5622
2023-08-02,2023-07-31,2023-08-01,2023-01-01,10.5864,14.7241,0.89875,7.4468,6.4817,0.226,0.2889,3.0588,0.972707,10.2975,0.2974,0.082,3.0625,0.0185,2.5383
2023-08-03,2023-07-31,2023-08-01,2023-01-01,12.4112,14.5634,0.71329,8.516,9.35,0.1521,0.4063,5.0433,0.96726,12.0049,0.2974,0.082,3.5702,0.0125,3.479
2023-08-04,2023-07-31,2023-08-01,2023-01-01,10.9825,18.2493,0.99991,11.1069,7.3426,0.1465,0.1662,1.8254,0.984866,10.8163,0.2974,0.082,3.2168,0.012,3.0944
2023-08-05,2023-07-31,2023-08-01,2023-01-01,8.3699,11.8293,0.98642,5.4163,5.1976,0.1176,0.145,1.214,0.982671,8.2249,0.2974,0.082,2.4461,0.0096,1.9899
2023-08-06,2023-07-31,2023-08-01,2023-01-01,12.5812,14.1047,0.78748,6.5114,8.2015,0.1687,0.2158,2.7149,0.982848,12.3654,0.2974,0.082,3.6775,0.0138,2.9731
2023-08-07,2023-08-07,2023-08-01,2023-01-01,12.2043,19.1009,0.99991,12.5502,9.0662,0.2469,0.2547,3.1082,0.979132,11.9496,0.2974,0.082,3.5538,0.0202,3.7254
2023-08-08,2023-08-07,2023-08-01,2023-01-01,12.8444,15.4567,0.88189,8.8493,9.575,0.3314,0.3816,4.9011,0.970292,12.4628,0.2974,0.082,3.7064,0.0272,3.5732
2023-08-09,2023-08-07,2023-08-01,2023-01-01,15.3361,20.559,0.97294,9.7772,7.8585,0.3777,0.4251,6.5187,0.972284,14.911,0.2974,0.082,4.4345,0.031,3.1388
2023-08-10,2023-08-07,2023-08-01,2023-01-01,11.2559,14.2747,0.90887,6.5821,6.8366,0.1708,0.1776,1.9993,0.98422,11.0783,0.2974,0.082,3.2947,0.014,2.5729
2023-08-11,2023-08-07,2023-08-01,2023-01-01,10.2666,14.1395,0.91561,6.3989,5.7266,0.1718,0.2398,2.4617,0.976645,10.0269,0.2974,0.082,2.982,0.0141,2.2278
2023-08-12,2023-08-07,2023-08-01,2023-01-01,10.6564,15.8371,0.99991,8.3811,6.4425,0.1582,0.1981,2.1111,0.98141,10.4583,0.2974,0.082,3.1103,0.013,2.6033
2023-08-13,2023-08-07,2023-08-01,2023-01-01,12.8576,16.9909,0.99991,6.39,5.5259,0.2069,0.1997,2.568,0.984466,12.6578,0.2974,0.082,3.7644,0.017,2.1674
2023-08-14,2023-08-14,2023-08-01,2023-01-01,13.8259,16.4346,0.94259,6.3892,6.9388,0.3524,0.5055,6.9891,0.963437,13.3204,0.2974,0.082,3.9615,0.0289,2.5875
2023-08-15,2023-08-14,2023-08-01,2023-01-01,11.2394,15.6183,0.98642,7.703,6.4997,0.2248,0.2699,3.0335,0.975986,10.9695,0.2974,0.082,3.2623,0.0184,2.5647
2023-08-16,2023-08-14,2023-08-01,2023-01-01,10.0573,13.6152,0.9527,7.4765,7.1919,0.123,0.1167,1.1741,0.988393,9.9405,0.2974,0.082,2.9563,0.0101,2.7519
2023-08-17,2023-08-14,2023-08-01,2023-01-01,9.9059,12.1331,0.80771,7.071,8.1842,0.1562,0.2246,2.2245,0.97733,9.6813,0.2974,0.082,2.8792,0.0128,3.0138
2023-08-18,2023-08-14,2023-08-01,2023-01-01,11.7943,17.9931,0.99317,9.1417,6.2674,0.2622,0.2322,2.7388,0.980312,11.5621,0.2974,0.082,3.4386,0.0215,2.6136
2023-08-19,2023-08-14,2023-08-01,2023-01-01,12.6416,16.1665,0.95945,6.9556,6.714,0.5806,0.6081,7.6871,0.951898,12.0335,0.2974,0.082,3.5788,0.0476,2.5671
2023-08-20,2023-08-14,2023-08-01,2023-01-01,9.515,13.2417,0.94933,6.7074,6.2511,0.1285,0.0925,0.8799,0.990281,9.4226,0.2974,0.082,2.8023,0.0105,2.4091
2023-08-21,2023-08-21,2023-08-01,2023-01-01,14.0177,16.8991,0.86841,7.6543,8.006,0.2764,0.2788,3.9087,0.980108,13.7389,0.2974,0.082,4.0859,0.0227,3.0086
2023-08-22,2023-08-21,2023-08-01,2023-01-01,10.2995,15.4725,0.96956,7.7361,5.9044,0.2399,0.2309,2.3787,0.977577,10.0686,0.2974,0.082,2.9944,0.0197,2.3903
2023-08-23,2023-08-21,2023-08-01,2023-01-01,10.0108,13.5141,0.94933,6.3844,6.0903,0.1522,0.1389,1.3906,0.986123,9.8719,0.2974,0.082,2.9359,0.0125,2.3348
2023-08-24,2023-08-21,2023-08-01,2023-01-01,11.1681,14.4916,0.9055,7.5009,7.2911,0.2192,0.2538,2.8343,0.977276,10.9143,0.2974,0.082,3.2459,0.018,2.7835
2023-08-25,2023-08-21,2023-08-01,2023-01-01,8.7873,13.7511,0.98642,8.507,6.727,0.0955,0.0971,0.8534,0.988948,8.6902,0.2974,0.082,2.5845,0.0078,2.6982
2023-08-26,2023-08-21,2023-08-01,2023-01-01,5.9935,10.0306,0.99991,4.9127,4.0639,0.1137,0.1021,0.6118,0.98297,5.8915,0.2974,0.082,1.7521,0.0093,1.6115
2023-08-27,2023-08-21,2023-08-01,2023-01-01,6.4139,9.6682,0.97631,5.3918,5.0584,0.1125,0.1943,1.2464,0.969702,6.2196,0.2974,0.082,1.8497,0.0092,1.9465
2023-08-28,2023-08-28,2023-08-01,2023-01-01,6.2481,9.8261,0.97294,5.3449,4.809,0.0983,0.1045,0.653,0.983273,6.1436,0.2974,0.082,1.8271,0.0081,1.8685
2023-08-29,2023-08-28,2023-08-01,2023-01-01,6.1023,9.8589,0.97968,5.4547,4.7472,0.0991,0.1177,0.7184,0.980707,5.9846,0.2974,0.082,1.7798,0.0081,1.8591
2023-08-30,2023-08-28,2023-08-01,2023-01-01,6.2121,9.9956,0.98642,6.0161,5.2482,0.0899,0.2024,1.2576,0.967411,6.0097,0.2974,0.082,1.7873,0.0074,2.0542
2023-08-31,2023-08-28,2023-08-01,2023-01-01,6.3186,9.7278,0.96282,5.6425,5.2188,0.0934,0.0975,0.6163,0.984564,6.2211,0.2974,0.082,1.8502,0.0077,2.0148
2023-09-01,2023-08-28,2023-09-01,2023-01-01,6.3043,10.3867,0.98642,5.8724,4.9446,0.0767,0.1313,0.8275,0.979178,6.173,0.2974,0.082,1.8359,0.0063,1.9521
2023-09-02,2023-08-28,2023-09-01,2023-01-01,6.2686,9.7474,0.97294,5.492,5.0438,0.0984,0.1576,0.9882,0.974851,6.1109,0.2974,0.082,1.8174,0.0081,1.9504
2023-09-03,2023-08-28,2023-09-01,2023-01-01,5.8262,9.5864,0.98642,5.2874,4.518,0.1033,0.1372,0.7995,0.976448,5.689,0.2974,0.082,1.6919,0.0085,1.7772
2023-09-04,2023-09-04,2023-09-01,2023-01-01,9.9148,42.8454,0.86841,5.1052,5.8437,30.2093,0.1494,1.4817,0.984927,9.7654,0.2974,0.082,2.9042,2.4772,2.1565
2023-09-05,2023-09-04,2023-09-01,2023-01-01,13.5092,42.3588,0.94259,9.0144,7.4117,23.7324,0.1549,2.0929,0.988532,13.3543,0.2974,0.082,3.9716,1.9461,2.9434
2023-09-06,2023-09-04,2023-09-01,2023-01-01,13.3886,41.2344,0.95945,7.7382,6.8646,23.2009,0.1335,1.7879,0.990026,13.2551,0.2974,0.082,3.9421,1.9025,2.6761
2023-09-07,2023-09-04,2023-09-01,2023-01-01,15.4192,41.4061,0.88864,7.2701,7.4469,22.5019,0.1634,2.5198,0.989401,15.2558,0.2974,0.082,4.5371,1.8452,2.8108
2023-09-08,2023-09-04,2023-09-01,2023-01-01,9.157,41.1893,0.97968,6.6008,4.8912,26.6895,0.0956,0.8756,0.989558,9.0614,0.2974,0.082,2.6948,2.1885,1.9959
2023-09-09,2023-09-04,2023-09-01,2023-01-01,8.2972,38.676,0.99991,6.5077,5.4204,25.6804,0.1159,0.9615,0.986033,8.1813,0.2974,0.082,2.4331,2.1058,2.1456
2023-09-10,2023-09-04,2023-09-01,2023-01-01,7.7362,35.9153,0.91561,5.2168,5.7839,25.1968,0.0656,0.5075,0.99152,7.6706,0.2974,0.082,2.2812,2.0661,2.1479
2023-09-11,2023-09-11,2023-09-01,2023-01-01,13.5856,35.3026,0.92236,7.7745,7.0536,17.4659,0.1269,1.7236,0.990661,13.4588,0.2974,0.082,4.0026,1.4322,2.7353
2023-09-12,2023-09-11,2023-09-01,2023-01-01,9.0331,28.1524,0.90213,6.8511,6.2707,15.3652,0.1328,1.1997,0.985297,8.9003,0.2974,0.082,2.6469,1.2599,2.4267
2023-09-13,2023-09-11,2023-09-01,2023-01-01,9.2413,9.9247,0.56156,5.0983,7.513,0.2894,0.2228,2.0587,0.975894,9.0186,0.2974,0.082,2.6821,0.0237,2.6524
2023-09-14,2023-09-11,2023-09-01,2023-01-01,9.1437,20.1307,0.96956,11.5557,6.7843,3.1269,0.2308,2.11,0.974763,8.913,0.2974,0.082,2.6507,0.2564,2.9652
2023-09-15,2023-09-11,2023-09-01,2023-01-01,7.8685,29.4537,0.96956,6.4655,5.7503,18.1846,0.5892,4.6365,0.925114,7.2793,0.2974,0.082,2.1649,1.4911,2.2403
2023-09-16,2023-09-11,2023-09-01,2023-01-01,6.6427,29.9371,0.97631,5.831,5.136,19.5732,0.2463,1.6362,0.962918,6.3964,0.2974,0.082,1.9023,1.605,2.0056
2023-09-17,2023-09-11,2023-09-01,2023-01-01,8.8154,28.6674,0.82794,5.6027,6.7032,17.7117,0.1472,1.2979,0.983299,8.6682,0.2974,0.082,2.5779,1.4524,2.4529
2023-09-18,2023-09-18,2023-09-01,2023-01-01,9.3637,19.9775,0.91224,8.6791,6.9576,5.7343,0.1609,1.507,0.982813,9.2028,0.2974,0.082,2.7369,0.4702,2.7809
2023-09-19,2023-09-18,2023-09-01,2023-01-01,11.2351,25.0388,0.90213,7.9051,7.3635,10.0159,0.1366,1.5344,0.987844,11.0985,0.2974,0.082,3.3007,0.8213,2.8381
2023-09-20,2023-09-18,2023-09-01,2023-01-01,14.5132,29.1432,0.81108,8.627,9.0046,12.0701,0.3529,5.1211,0.975687,14.1603,0.2974,0.082,4.2113,0.9897,3.3854
2023-09-21,2023-09-18,2023-09-01,2023-01-01,15.3803,15.8985,0.47388,8.4682,11.6389,0.8549,0.2591,3.9852,0.983153,15.1211,0.2974,0.082,4.497,0.0701,4.1558
2023-09-22,2023-09-18,2023-09-01,2023-01-01,10.6672,21.1816,0.76725,12.5807,8.2157,3.1201,0.2899,3.092,0.972827,10.3773,0.2974,0.082,3.0862,0.2559,3.475
2023-09-23,2023-09-18,2023-09-01,2023-01-01,11.8684,21.3755,0.72341,9.9111,9.6356,6.3924,0.4342,5.1536,0.963413,11.4342,0.2974,0.082,3.4005,0.5242,3.6783
2023-09-24,2023-09-18,2023-09-01,2023-01-01,10.4298,37.1349,0.90887,10.0168,7.0472,20.3571,0.1596,1.665,0.984694,10.2702,0.2974,0.082,3.0543,1.6693,2.9172
2023-09-25,2023-09-25,2023-09-01,2023-01-01,13.6463,33.7289,0.90887,8.1429,7.5141,16.1142,0.1029,1.4046,0.992458,13.5433,0.2974,0.082,4.0278,1.3214,2.9024
2023-09-26,2023-09-25,2023-09-01,2023-01-01,12.8759,28.2294,0.77736,7.8073,8.563,12.8671,0.1142,1.471,0.991127,12.7617,0.2974,0.082,3.7953,1.0551,3.1868
2023-09-27,2023-09-25,2023-09-01,2023-01-01,15.0783,27.136,0.76725,9.545,8.9246,8.6929,0.6588,9.934,0.956306,14.4194,0.2974,0.082,4.2883,0.7128,3.4369
2023-09-28,2023-09-25,2023-09-01,2023-01-01,13.2001,19.9481,0.80097,10.5571,9.4101,2.6625,0.424,5.5963,0.967882,12.7761,0.2974,0.082,3.7996,0.2183,3.6642
2023-09-29,2023-09-25,2023-09-01,2023-01-01,11.01,14.8863,0.75713,8.857,8.1061,0.1555,0.1749,1.9262,0.98411,10.8351,0.2974,0.082,3.2223,0.0127,3.137
2023-09-30,2023-09-25,2023-09-01,2023-01-01,12.1624,25.6874,0.69306,8.6486,9.1753,10.8837,0.1197,1.4553,0.990162,12.0428,0.2974,0.082,3.5815,0.8925,3.4379
2023-10-01,2023-09-25,2023-10-01,2023-01-01,13.5386,29.7461,0.72678,11.1088,9.8488,11.7203,0.1885,2.5526,0.986074,13.3501,0.2974,0.082,3.9703,0.9611,3.84
2023-10-02,2023-10-02,2023-10-01,2023-01-01,10.0813,24.7862,0.98642,10.5145,6.6956,7.6955,0.1441,1.453,0.985704,9.9371,0.2974,0.082,2.9553,0.631,2.8535
2023-10-03,2023-10-02,2023-10-01,2023-01-01,10.9099,6.829,0.34575,3.1065,10.0369,0.0917,0.1171,1.2772,0.989269,10.7928,0.2974,0.082,3.2098,0.0075,3.2397
2023-10-04,2023-10-02,2023-10-01,2023-01-01,11.7752,16.4569,0.64923,10.5476,5.3167,0.132,3.7065,43.6447,0.685231,8.0688,0.2974,0.082,2.3997,0.0108,2.4461
2023-10-05,2023-10-02,2023-10-01,2023-01-01,15.1556,13.5036,0.17378,5.8042,10.4278,0.1593,0.249,3.7742,0.983568,14.9066,0.2974,0.082,4.4332,0.0131,3.5772
2023-10-06,2023-10-02,2023-10-01,2023-01-01,10.7449,27.871,0.91224,11.9596,3.5093,8.7461,3.3338,35.8216,0.689732,7.4111,0.2974,0.082,2.2041,0.7172,2.0244
2023-10-07,2023-10-02,2023-10-01,2023-01-01,11.9432,21.8064,0.75039,8.3095,9.431,8.0043,0.172,2.0547,0.985595,11.7711,0.2974,0.082,3.5007,0.6564,3.4862
2023-10-08,2023-10-02,2023-10-01,2023-01-01,12.5878,7.0503,0.0,2.9699,10.1794,0.1012,1.1984,15.0848,0.904799,11.3894,0.2974,0.082,3.3872,0.0083,3.2709
2023-10-09,2023-10-09,2023-10-01,2023-01-01,13.8148,13.2266,0.15355,7.6912,5.2375,0.1445,5.6111,77.5167,0.593832,8.2037,0.2974,0.082,2.4398,0.0119,2.1883
2023-10-10,2023-10-09,2023-10-01,2023-01-01,11.1297,25.6869,0.82457,11.8156,4.1464,6.9951,3.1317,34.8554,0.718616,7.998,0.2974,0.082,2.3786,0.5736,2.202
2023-10-11,2023-10-09,2023-10-01,2023-01-01,11.4494,20.7926,0.71667,8.3839,8.9407,6.8544,0.1127,1.2898,0.990161,11.3367,0.2974,0.082,3.3715,0.5621,3.3464
2023-10-12,2023-10-09,2023-10-01,2023-01-01,11.5227,4.8204,0.0,1.6004,8.5062,0.0807,2.4808,28.5853,0.784705,9.0419,0.2974,0.082,2.6891,0.0066,2.661
2023-10-13,2023-10-09,2023-10-01,2023-01-01,13.3741,13.497,0.27831,9.4107,5.9242,0.1883,5.8554,78.3111,0.562183,7.5187,0.2974,0.082,2.2361,0.0154,2.5335
2023-10-14,2023-10-09,2023-10-01,2023-01-01,13.5262,15.5557,0.48063,9.8376,6.5435,0.1931,4.447,60.151,0.671233,9.0793,0.2974,0.082,2.7002,0.0158,2.7527
2023-10-15,2023-10-09,2023-10-01,2023-01-01,16.9476,14.5444,0.29517,7.1129,8.6983,0.3222,4.1007,69.4965,0.758039,12.847,0.2974,0.082,3.8207,0.0264,3.1701
2023-10-16,2023-10-16,2023-10-01,2023-01-01,17.1057,16.2551,0.39296,9.3562,7.818,0.2711,5.4894,93.8995,0.679091,11.6163,0.2974,0.082,3.4547,0.0222,3.0923
2023-10-17,2023-10-16,2023-10-01,2023-01-01,15.5126,26.2772,0.77661,11.5651,6.7802,7.2472,4.4864,69.5952,0.710791,11.0262,0.2974,0.082,3.2792,0.5943,2.9648
2023-10-18,2023-10-16,2023-10-01,2023-01-01,14.0274,17.7724,0.70894,11.7619,11.2594,0.1596,0.1746,2.4495,0.987551,13.8528,0.2974,0.082,4.1198,0.0131,4.313
2023-10-19,2023-10-16,2023-10-01,2023-01-01,14.6639,9.2137,0.07703,3.3264,9.771,0.1698,2.2849,33.5064,0.844179,12.379,0.2974,0.082,3.6815,0.0139,3.1787
2023-10-20,2023-10-16,2023-10-01,2023-01-01,15.0485,3.1516,0.0,0.6137,1.4458,0.0149,12.859,193.5084,0.145498,2.1895,0.2974,0.082,0.6512,0.0012,0.4803
2023-10-21,2023-10-16,2023-10-01,2023-01-01,9.7873,16.3005,0.77011,11.7942,1.7665,0.173,6.0722,59.4305,0.379577,3.715,0.2974,0.082,1.1048,0.0142,1.4925
2023-10-22,2023-10-16,2023-10-01,2023-01-01,10.3566,7.6692,0.23768,3.5092,8.9772,0.1606,0.1554,1.6092,0.984997,10.2012,0.2974,0.082,3.0338,0.0132,2.9576
2023-10-23,2023-10-23,2023-10-01,2023-01-01,16.1031,12.0749,0.0,5.1396,7.6404,0.0991,4.3931,70.7429,0.727187,11.7099,0.2974,0.082,3.4825,0.0081,2.6937
2023-10-24,2023-10-23,2023-10-01,2023-01-01,14.3219,9.1005,0.0,4.0577,3.6044,0.1245,7.6994,110.2696,0.462404,6.6225,0.2974,0.082,1.9695,0.0102,1.4047
2023-10-25,2023-10-23,2023-10-01,2023-01-01,16.0899,3.5423,0.0,0.7238,0.2976,0.0065,14.7034,236.5766,0.086175,1.3865,0.2974,0.082,0.4124,0.0005,0.1478
2023-10-26,2023-10-23,2023-10-01,2023-01-01,16.3065,7.8601,0.0,3.3248,3.4053,0.1427,10.4109,169.7649,0.361551,5.8956,0.2974,0.082,1.7534,0.0117,1.2854
2023-10-27,2023-10-23,2023-10-01,2023-01-01,15.3366,3.8901,0.0,1.3002,0.9373,0.0227,13.4949,206.9666,0.120085,1.8417,0.2974,0.082,0.5477,0.0019,0.3854
2023-10-28,2023-10-23,2023-10-01,2023-01-01,19.7793,10.8697,0.0,5.5642,5.3311,0.1894,11.3128,223.758,0.428049,8.4665,0.2974,0.082,2.5179,0.0155,2.0417
2023-10-29,2023-10-23,2023-10-01,2023-01-01,15.7616,4.9699,0.0,2.6989,2.3194,0.0265,12.8607,202.7058,0.184049,2.9009,0.2974,0.082,0.8627,0.0022,0.9111
2023-10-30,2023-10-30,2023-10-01,2023-01-01,16.5859,10.7849,0.0,5.4898,4.9715,0.099,8.6189,142.9524,0.480346,7.967,0.2974,0.082,2.3694,0.0081,1.9287
2023-10-31,2023-10-30,2023-10-01,2023-01-01,15.7088,11.3622,0.0,7.2189,6.5872,0.1556,7.459,117.1711,0.525171,8.2498,0.2974,0.082,2.4535,0.0128,2.551
2023-11-01,2023-10-30,2023-11-01,2023-01-01,13.0829,14.114,0.25907,9.4104,5.9626,0.1937,5.144,67.2985,0.606813,7.9389,0.2974,0.082,2.361,0.0159,2.5449
2023-11-02,2023-10-30,2023-11-01,2023-01-01,12.3316,11.6726,0.31738,7.4398,6.1173,0.1073,4.8097,59.3111,0.609973,7.522,0.2974,0.082,2.237,0.0088,2.4293
2023-11-03,2023-10-30,2023-11-01,2023-01-01,17.4951,8.7355,0.0,4.7209,7.8996,0.1881,8.359,146.2409,0.522212,9.1362,0.2974,0.082,2.7171,0.0154,2.7364
2023-11-04,2023-10-30,2023-11-01,2023-01-01,12.9191,5.505,0.0,3.1648,2.776,0.026,9.7503,125.9651,0.245283,3.1688,0.2974,0.082,0.9424,0.0021,1.0851
2023-11-05,2023-10-30,2023-11-01,2023-01-01,12.4537,2.6172,0.0,0.8602,0.2952,0.0069,11.949,148.8102,0.040527,0.5047,0.2974,0.082,0.1501,0.0006,0.1583
2023-11-06,2023-11-06,2023-11-01,2023-01-01,19.3358,8.8212,0.0,2.8042,2.9338,0.1369,12.2692,237.2333,0.365468,7.0666,0.2974,0.082,2.1016,0.0112,1.1025
2023-11-07,2023-11-06,2023-11-01,2023-01-01,20.05,4.557,0.0,1.3423,0.9941,0.0201,17.3324,347.5147,0.135541,2.7176,0.2974,0.082,0.8082,0.0017,0.4057
2023-11-08,2023-11-06,2023-11-01,2023-01-01,21.9954,9.495,0.0,4.2914,4.1032,0.3677,14.9606,329.0635,0.319831,7.0348,0.2974,0.082,2.0921,0.0302,1.5722
2023-11-09,2023-11-06,2023-11-01,2023-01-01,16.9411,5.1495,0.0,2.7047,2.2951,0.0504,13.9498,236.326,0.176569,2.9913,0.2974,0.082,0.8896,0.0041,0.9043
2023-11-10,2023-11-06,2023-11-01,2023-01-01,20.5704,6.4294,0.0,3.0799,2.6795,0.0921,16.1392,331.9891,0.215416,4.4312,0.2974,0.082,1.3178,0.0076,1.0494
2023-11-11,2023-11-06,2023-11-01,2023-01-01,17.3287,5.6129,0.0,2.6354,2.3146,0.0457,13.807,239.2575,0.203233,3.5218,0.2974,0.082,1.0474,0.0037,0.9045
2023-11-12,2023-11-06,2023-11-01,2023-01-01,19.9135,11.6973,0.0,6.8173,6.0088,0.1784,11.3451,225.9199,0.430283,8.5684,0.2974,0.082,2.5483,0.0146,2.346
2023-11-13,2023-11-13,2023-11-01,2023-01-01,18.2446,1.224,0.0,0.0746,0.3112,0.0017,17.8712,326.0525,0.02047,0.3735,0.2974,0.082,0.1111,0.0001,0.0987
2023-11-14,2023-11-13,2023-11-01,2023-01-01,19.8931,2.6236,0.0,0.8538,0.5813,0.0064,18.9936,377.8413,0.04522,0.8996,0.2974,0.082,0.2675,0.0005,0.2429
2023-11-15,2023-11-13,2023-11-01,2023-01-01,15.819,6.3785,0.0,3.3125,2.8364,0.0667,11.6959,185.0175,0.260642,4.1231,0.2974,0.082,1.2262,0.0055,1.1152
2023-11-16,2023-11-13,2023-11-01,2023-01-01,21.719,2.5405,0.0,0.5997,0.2997,0.001,20.7367,450.3808,0.045227,0.9823,0.2974,0.082,0.2921,0.0001,0.1383
2023-11-17,2023-11-13,2023-11-01,2023-01-01,23.5051,7.4009,0.0,2.4583,2.4006,0.0301,17.941,421.7054,0.23672,5.5641,0.2974,0.082,1.6548,0.0025,0.9155
2023-11-18,2023-11-13,2023-11-01,2023-01-01,22.7041,2.1935,0.0,0.872,0.5911,0.0018,22.1936,503.8861,0.022486,0.5105,0.2974,0.082,0.1518,0.0001,0.2473
2023-11-19,2023-11-13,2023-11-01,2023-01-01,13.7003,4.341,0.0,1.2703,0.9436,0.0148,11.1642,152.9526,0.185108,2.536,0.2974,0.082,0.7542,0.0012,0.3848
2023-11-20,2023-11-20,2023-11-01,2023-01-01,19.4579,5.0679,0.0,1.6143,1.2309,0.0432,16.279,316.7541,0.163374,3.1789,0.2974,0.082,0.9454,0.0035,0.4984
2023-11-21,2023-11-20,2023-11-01,2023-01-01,17.8122,2.7234,0.0,0.327,0.3066,0.0035,16.3495,291.2214,0.082121,1.4628,0.2974,0.082,0.435,0.0003,0.118
2023-11-22,2023-11-20,2023-11-01,2023-01-01,23.2495,12.2907,0.0,6.4385,5.7474,0.1717,13.9648,324.6756,0.399349,9.2847,0.2974,0.082,2.7613,0.0141,2.2372
2023-11-23,2023-11-20,2023-11-01,2023-01-01,19.6734,0.2622,0.0,0.5538,0.3118,0.0,20.4261,401.8508,0.0,0.0,0.2974,0.082,0.0,0.0,0.1381
2023-11-24,2023-11-20,2023-11-01,2023-01-01,22.1241,4.02,0.0,1.2081,1.2756,0.0175,19.4528,430.3765,0.120742,2.6713,0.2974,0.082,0.7944,0.0014,0.4784
2023-11-25,2023-11-20,2023-11-01,2023-01-01,20.8085,2.6201,0.0,1.1466,0.8669,0.0072,19.8932,413.9487,0.043984,0.9152,0.2974,0.082,0.2722,0.0006,0.3518
2023-11-26,2023-11-20,2023-11-01,2023-01-01,17.8831,2.4846,0.0,1.2427,0.8111,0.0108,17.0826,305.4907,0.044763,0.8005,0.2974,0.082,0.2381,0.0009,0.3431
2023-11-27,2023-11-27,2023-11-01,2023-01-01,24.7414,0.8876,0.0,0.8566,0.575,0.0017,25.2461,624.6238,0.0,0.0,0.2974,0.082,0.0,0.0001,0.2412
2023-11-28,2023-11-27,2023-11-01,2023-01-01,31.7497,0.247,0.0,0.5733,0.3089,0.0,32.4757,1031.095,0.0,0.0,0.2974,0.082,0.0,0.0,0.1389
2023-11-29,2023-11-27,2023-11-01,2023-01-01,30.9869,0.7685,0.0,0.9165,0.5778,0.0089,31.5202,976.7121,0.0,0.0,0.2974,0.082,0.0,0.0007,0.247
2023-11-30,2023-11-27,2023-11-01,2023-01-01,26.4189,8.5518,0.0,5.6372,5.2755,0.2232,20.3454,537.5019,0.229892,6.0735,0.2974,0.082,1.8063,0.0183,2.0312
2023-12-01,2023-11-27,2023-12-01,2023-01-01,29.1269,0.804,0.0,0.7865,0.5914,0.0007,29.7647,866.9523,0.0,0.0,0.2974,0.082,0.0,0.0001,0.2404
2023-12-02,2023-11-27,2023-12-01,2023-01-01,24.4872,7.0301,0.0,3.7664,3.2724,0.0275,19.5897,479.6991,0.200002,4.8975,0.2974,0.082,1.4565,0.0023,1.2821
2023-12-03,2023-11-27,2023-12-01,2023-01-01,27.1264,8.1449,0.0,3.6531,3.1681,0.0454,21.0368,570.6508,0.224491,6.0896,0.2974,0.082,1.8111,0.0037,1.2417
2023-12-04,2023-12-04,2023-12-01,2023-01-01,32.8293,2.8415,0.0,0.6916,0.293,0.0058,31.7362,1041.8773,0.033293,1.093,0.2974,0.082,0.3251,0.0005,0.1438
2023-12-05,2023-12-04,2023-12-01,2023-01-01,23.5389,3.4453,0.0,0.2838,0.3062,0.013,21.572,507.7806,0.083559,1.9669,0.2974,0.082,0.5849,0.0011,0.1143
2023-12-06,2023-12-04,2023-12-01,2023-01-01,30.7961,1.017,0.0,0.671,0.2905,0.0,31.2498,962.3731,0.0,0.0,0.2974,0.082,0.0,0.0,0.1414
2023-12-07,2023-12-04,2023-12-01,2023-01-01,21.8888,12.8936,0.0,7.1409,6.8001,0.0794,11.5264,252.2993,0.473408,10.3623,0.2974,0.082,3.0818,0.0065,2.6079
2023-12-08,2023-12-04,2023-12-01,2023-01-01,22.3464,1.3731,0.0,0.6345,0.285,0.002,22.5197,503.2348,0.0,0.0,0.2974,0.082,0.0,0.0002,0.1368
2023-12-09,2023-12-04,2023-12-01,2023-01-01,15.5854,3.5663,0.0,1.086,0.9473,0.0122,13.4854,210.1756,0.134738,2.0999,0.2974,0.082,0.6245,0.001,0.3708
2023-12-10,2023-12-04,2023-12-01,2023-01-01,17.7859,2.8506,0.0,1.6703,1.2116,0.0288,16.7314,297.5833,0.059285,1.0544,0.2974,0.082,0.3136,0.0024,0.4973
2023-12-11,2023-12-11,2023-12-01,2023-01-01,20.6016,1.4825,0.0,0.6696,0.2893,0.0004,20.7937,428.385,0.0,0.0,0.2974,0.082,0.0,0.0,0.141
2023-12-12,2023-12-11,2023-12-01,2023-01-01,19.7384,5.647,0.0,2.5059,2.4513,0.0496,15.6372,308.6539,0.207774,4.1011,0.2974,0.082,1.2197,0.0041,0.9345
2023-12-13,2023-12-11,2023-12-01,2023-01-01,20.2375,2.6595,0.0,0.9526,0.5827,0.0081,19.3239,391.0682,0.045142,0.9136,0.2974,0.082,0.2717,0.0007,0.2514
2023-12-14,2023-12-11,2023-12-01,2023-01-01,19.0261,0.256,0.0,0.6159,0.3059,0.0,19.7447,375.6649,0.0,0.0,0.2974,0.082,0.0,0.0,0.1415
2023-12-15,2023-12-11,2023-12-01,2023-01-01,21.9447,2.0519,0.0,0.5168,0.2944,0.0001,21.3734,469.0347,0.026034,0.5713,0.2974,0.082,0.1699,0.0,0.1299
2023-12-16,2023-12-11,2023-12-01,2023-01-01,23.9533,3.4423,0.0,0.2723,0.3048,0.0023,21.7444,520.8499,0.092213,2.2088,0.2974,0.082,0.6569,0.0002,0.113
2023-12-17,2023-12-11,2023-12-01,2023-01-01,24.5972,4.7396,0.0,1.5703,1.2887,0.053,21.5949,531.1761,0.122059,3.0023,0.2974,0.082,0.8929,0.0043,0.512
2023-12-18,2023-12-18,2023-12-01,2023-01-01,25.673,4.3228,0.0,1.3674,1.073,0.0457,22.9998,590.4742,0.104124,2.6732,0.2974,0.082,0.795,0.0038,0.4312
2023-12-19,2023-12-18,2023-12-01,2023-01-01,21.3917,1.0679,0.0,0.9271,0.5742,0.0021,21.7194,464.6154,0.0,0.0,0.2974,0.082,0.0,0.0002,0.2468
2023-12-20,2023-12-18,2023-12-01,2023-01-01,23.7787,0.5667,0.0,0.6636,0.3084,0.0,24.6441,586.0065,0.0,0.0,0.2974,0.082,0.0,0.0,0.1461
2023-12-21,2023-12-18,2023-12-01,2023-01-01,18.878,0.4627,0.0,0.3244,0.3041,0.0,19.1373,361.273,0.0,0.0,0.2974,0.082,0.0,0.0,0.117
2023-12-22,2023-12-18,2023-12-01,2023-01-01,19.5785,1.0269,0.0,0.8643,0.59,0.0149,20.1425,394.3599,0.0,0.0,0.2974,0.082,0.0,0.0012,0.2463
2023-12-23,2023-12-18,2023-12-01,2023-01-01,22.4928,0.2031,0.0,0.5112,0.3111,0.0,23.1494,520.6931,0.0,0.0,0.2974,0.082,0.0,0.0,0.1345
2023-12-24,2023-12-18,2023-12-01,2023-01-01,20.4967,0.64,0.0,0.7013,0.3129,0.0,21.4105,438.8457,0.0,0.0,0.2974,0.082,0.0,0.0,0.1506
2023-12-25,2023-12-25,2023-12-01,2023-01-01,15.9518,0.8356,0.0,0.6016,0.2912,0.0,16.4055,261.6964,0.0,0.0,0.2974,0.082,0.0,0.0,0.1359
2023-12-26,2023-12-25,2023-12-01,2023-01-01,13.7635,3.5772,0.0,1.3687,1.3964,0.0271,11.5687,159.2265,0.159462,2.1947,0.2974,0.082,0.6527,0.0022,0.5275
2023-12-27,2023-12-25,2023-12-01,2023-01-01,22.015,2.0505,0.0,0.8917,0.5735,0.0126,21.5441,474.2939,0.021389,0.4709,0.2974,0.082,0.14,0.001,0.2437
2023-12-28,2023-12-25,2023-12-01,2023-01-01,21.177,4.0451,0.0,1.0171,0.5811,0.0066,18.8999,400.2427,0.107528,2.2771,0.2974,0.082,0.6772,0.0005,0.2562
2023-12-29,2023-12-25,2023-12-01,2023-01-01,20.942,0.945,0.0,0.2334,0.3063,0.0001,21.0554,440.9417,0.0,0.0,0.2974,0.082,0.0,0.0,0.1102
2023-12-30,2023-12-25,2023-12-01,2023-01-01,21.6698,4.7957,0.0,1.533,1.3357,0.0134,18.5536,402.0524,0.143801,3.1161,0.2974,0.082,0.9267,0.0011,0.5229
2023-12-31,2023-12-25,2023-12-01,2023-01-01,28.2428,2.0155,0.0,0.9091,0.572,0.018,27.7963,785.0425,0.015809,0.4465,0.2974,0.082,0.1328,0.0015,0.2447
2024-01-01,2024-01-01,2024-01-01,2024-01-01,21.9348,1.8005,0.0,0.8529,0.5854,0.0017,21.5595,472.9022,0.017108,0.3752,0.2974,0.082,0.1116,0.0001,0.244
2024-01-02,2024-01-01,2024-01-01,2024-01-01,22.0433,0.8471,0.0,0.8095,0.5896,0.0034,22.4954,495.8712,0.0,0.0,0.2974,0.082,0.0,0.0003,0.2417
2024-01-03,2024-01-01,2024-01-01,2024-01-01,20.9627,2.1699,0.0,0.8632,0.5893,0.009,20.239,424.2651,0.034526,0.7238,0.2974,0.082,0.2152,0.0007,0.246
2024-01-04,2024-01-01,2024-01-01,2024-01-01,20.3878,1.3494,0.0,0.8136,0.5834,0.0108,20.5415,418.795,0.0,0.0,0.2974,0.082,0.0,0.0009,0.2402
2024-01-05,2024-01-01,2024-01-01,2024-01-01,23.5132,2.0315,0.0,0.8432,0.5971,0.0031,23.0796,542.677,0.018442,0.4336,0.2974,0.082,0.129,0.0003,0.2467
2024-01-06,2024-01-01,2024-01-01,2024-01-01,23.968,0.5242,0.0,0.7044,0.3046,0.0,24.876,596.228,0.0,0.0,0.2974,0.082,0.0,0.0,0.1483
2024-01-07,2024-01-01,2024-01-01,2024-01-01,31.1397,0.9839,0.0,0.6085,0.2866,0.0,31.4865,980.4817,0.0,0.0,0.2974,0.082,0.0,0.0,0.1351
2024-01-08,2024-01-08,2024-01-01,2024-01-01,35.965,13.174,0.0,4.3238,4.2236,0.1357,24.7319,889.4819,0.312335,11.2331,0.2974,0.082,3.3407,0.0111,1.6106
2024-01-09,2024-01-08,2024-01-01,2024-01-01,39.0568,16.5256,0.3218,14.3799,9.5711,9.0809,31.3765,1225.4641,0.196643,7.6803,0.2974,0.082,2.2841,0.7446,4.0256
2024-01-10,2024-01-08,2024-01-01,2024-01-01,47.3413,7.5438,0.0,8.6637,12.2464,5.763,34.2326,1620.6153,0.276897,13.1086,0.2974,0.082,3.8985,0.4726,4.3525
2024-01-11,2024-01-08,2024-01-01,2024-01-01,25.6062,15.3023,0.0,7.0564,6.5576,0.1768,12.8059,327.9104,0.499893,12.8004,0.2974,0.082,3.8068,0.0145,2.5288
2024-01-12,2024-01-08,2024-01-01,2024-01-01,33.687,1.142,0.0,0.5958,0.3104,0.0,33.7675,1137.5258,0.0,0.0,0.2974,0.082,0.0,0.0,0.1412
2024-01-13,2024-01-08,2024-01-01,2024-01-01,24.5897,0.912,0.0,0.5968,0.3108,0.0003,24.8764,611.7038,0.0,0.0,0.2974,0.082,0.0,0.0,0.1414
2024-01-14,2024-01-08,2024-01-01,2024-01-01,32.397,0.0932,0.0,0.5961,0.3104,0.0,33.0766,1071.5834,0.0,0.0,0.2974,0.082,0.0,0.0,0.1412
2024-01-15,2024-01-15,2024-01-01,2024-01-01,25.8223,0.0045,0.0,0.593,0.3103,0.0,26.4396,682.7306,0.0,0.0,0.2974,0.082,0.0,0.0,0.1409
2024-01-16,2024-01-15,2024-01-01,2024-01-01,32.6705,2.96,0.0,0.3853,0.3053,0.0157,30.7136,1003.4295,0.059897,1.9569,0.2974,0.082,0.582,0.0013,0.1224
2024-01-17,2024-01-15,2024-01-01,2024-01-01,31.9402,0.8468,0.0,0.5921,0.3103,0.0,32.1751,1027.6815,0.0,0.0,0.2974,0.082,0.0,0.0,0.1408
2024-01-18,2024-01-15,2024-01-01,2024-01-01,27.5555,5.2293,0.0,3.8171,3.0903,0.0984,24.1706,666.0337,0.122838,3.3849,0.2974,0.082,1.0067,0.0081,1.232
2024-01-19,2024-01-15,2024-01-01,2024-01-01,33.0795,1.6195,0.0,0.6039,0.31,0.0008,32.6575,1080.2938,0.012757,0.422,0.2974,0.082,0.1255,0.0001,0.1417
2024-01-20,2024-01-15,2024-01-01,2024-01-01,30.5665,11.1995,0.0,2.6762,2.7754,0.0652,20.506,626.7966,0.329135,10.0605,0.2974,0.082,2.992,0.0053,1.0448
2024-01-21,2024-01-15,2024-01-01,2024-01-01,30.4265,3.1562,0.0,0.6382,0.3098,0.0052,28.7428,874.5413,0.055338,1.6838,0.2974,0.082,0.5007,0.0004,0.1445
2024-01-22,2024-01-22,2024-01-01,2024-01-01,19.8027,2.9235,0.0,0.9494,0.7846,0.0191,18.2684,361.7641,0.077483,1.5344,0.2974,0.082,0.4563,0.0016,0.3112
2024-01-23,2024-01-22,2024-01-01,2024-01-01,21.149,6.0027,0.0,2.5691,1.8134,0.0757,17.3806,367.5828,0.178182,3.7684,0.2974,0.082,1.1207,0.0062,0.75
2024-01-24,2024-01-22,2024-01-01,2024-01-01,17.6283,2.5635,0.0,0.5128,0.3029,0.0048,16.5003,290.8705,0.063988,1.128,0.2974,0.082,0.3355,0.0004,0.1321
2024-01-25,2024-01-22,2024-01-01,2024-01-01,22.8708,6.3435,0.0,3.1056,2.9389,0.0472,18.1235,414.498,0.207569,4.7473,0.2974,0.082,1.4118,0.0039,1.1287
2024-01-26,2024-01-22,2024-01-01,2024-01-01,22.5922,4.1182,0.0,2.5857,1.9492,0.0755,20.3493,459.7353,0.099282,2.243,0.2974,0.082,0.6671,0.0062,0.7917
2024-01-27,2024-01-22,2024-01-01,2024-01-01,18.3912,17.0575,0.63477,10.5825,3.1281,0.0481,10.5934,194.8254,0.423999,7.7979,0.2974,0.082,2.3191,0.0039,1.7981
2024-01-28,2024-01-22,2024-01-01,2024-01-01,27.267,19.2355,0.0,10.9961,17.4284,0.3302,4.5524,124.1296,0.833045,22.7146,0.2974,0.082,6.7553,0.0271,6.0849
2024-01-29,2024-01-29,2024-01-01,2024-01-01,15.0083,12.0075,0.19313,6.4602,3.7967,0.1133,7.6902,115.4172,0.487598,7.318,0.2974,0.082,2.1764,0.0093,1.6589
2024-01-30,2024-01-29,2024-01-01,2024-01-01,17.393,5.521,0.0,1.6291,3.6034,0.0547,11.7565,204.4808,0.324067,5.6365,0.2974,0.082,1.6763,0.0045,1.2052
2024-01-31,2024-01-29,2024-01-01,2024-01-01,19.7267,2.1233,0.0,0.6451,0.3044,0.0018,19.245,379.6413,0.024421,0.4818,0.2974,0.082,0.1433,0.0001,0.1434
2024-02-01,2024-01-29,2024-02-01,2024-01-01,20.1792,14.3038,0.11662,7.5371,5.8509,0.1847,10.1636,205.0943,0.496333,10.0156,0.2974,0.082,2.9786,0.0151,2.3581
2024-02-02,2024-01-29,2024-02-01,2024-01-01,23.774,13.826,0.0,6.1276,6.9581,0.1072,11.4435,272.0578,0.518655,12.3305,0.2974,0.082,3.6671,0.0088,2.5718
2024-02-03,2024-01-29,2024-02-01,2024-01-01,22.3395,2.2348,0.0,0.6057,0.3089,0.0012,21.623,483.047,0.032073,0.7165,0.2974,0.082,0.2131,0.0001,0.1415
2024-02-04,2024-01-29,2024-02-01,2024-01-01,24.8595,1.8942,0.0,0.6064,0.31,0.0007,24.5096,609.297,0.014074,0.3499,0.2974,0.082,0.1041,0.0001,0.1419
2024-02-05,2024-02-05,2024-02-01,2024-01-01,16.2555,6.6857,0.0,3.609,3.4159,0.0673,11.6378,189.1774,0.284073,4.6177,0.2974,0.082,1.3733,0.0055,1.3118
2024-02-06,2024-02-05,2024-02-01,2024-01-01,18.4713,1.512,0.0,0.6153,0.3068,0.0019,18.5216,342.1176,0.0,0.0,0.2974,0.082,0.0,0.0002,0.1417
2024-02-07,2024-02-05,2024-02-01,2024-01-01,21.3175,4.0613,0.0,1.9054,1.214,0.02,19.4875,415.4248,0.085845,1.83,0.2974,0.082,0.5442,0.0016,0.5173
2024-02-08,2024-02-05,2024-02-01,2024-01-01,24.7933,2.7618,0.0,0.6008,0.3101,0.0014,23.7218,588.1393,0.043217,1.0715,0.2974,0.082,0.3187,0.0001,0.1415
2024-02-09,2024-02-05,2024-02-01,2024-01-01,13.7327,3.8725,0.0,0.6292,0.2864,0.0077,11.729,161.0714,0.14591,2.0038,0.2974,0.082,0.5959,0.0006,0.1368
2024-02-10,2024-02-05,2024-02-01,2024-01-01,9.7855,12.7963,0.41917,8.8326,3.4247,0.0473,4.81,47.0683,0.508456,4.9755,0.2974,0.082,1.4797,0.0039,1.7428
2024-02-11,2024-02-05,2024-02-01,2024-01-01,11.7683,6.606,0.0,2.8901,7.5184,0.0481,3.3413,39.3207,0.716079,8.427,0.2974,0.082,2.5062,0.0039,2.4729
2024-02-12,2024-02-12,2024-02-01,2024-01-01,20.5407,8.9932,0.0,3.3316,3.1698,0.1445,13.9492,286.5281,0.320899,6.5915,0.2974,0.082,1.9603,0.0119,1.2159
2024-02-13,2024-02-12,2024-02-01,2024-01-01,18.19,14.7005,0.0,8.1773,7.1392,0.2932,7.1982,130.9362,0.604274,10.9918,0.2974,0.082,3.2689,0.024,2.7938
2024-02-14,2024-02-12,2024-02-01,2024-01-01,19.658,3.4835,0.0,0.3831,0.2894,0.0092,17.649,346.944,0.102198,2.009,0.2974,0.082,0.5975,0.0008,0.1175
2024-02-15,2024-02-12,2024-02-01,2024-01-01,18.816,8.7332,0.0,3.5734,3.6221,0.0872,11.9835,225.4815,0.363122,6.8325,0.2974,0.082,2.032,0.0072,1.3702
2024-02-16,2024-02-12,2024-02-01,2024-01-01,21.8098,3.1463,0.0,0.7545,0.2969,0.0115,20.5643,448.5012,0.057108,1.2455,0.2974,0.082,0.3704,0.0009,0.1502
2024-02-17,2024-02-12,2024-02-01,2024-01-01,15.5683,2.427,0.0,0.8781,0.4968,0.0089,14.894,231.8735,0.043309,0.6742,0.2974,0.082,0.2005,0.0007,0.2198
2024-02-18,2024-02-12,2024-02-01,2024-01-01,19.098,3.8632,0.0,1.2974,1.3014,0.0185,16.7135,319.1944,0.124856,2.3845,0.2974,0.082,0.7092,0.0015,0.4934
2024-02-19,2024-02-19,2024-02-01,2024-01-01,20.516,4.0243,0.0,0.8915,0.6767,0.1163,18.4252,378.0124,0.101908,2.0907,0.2974,0.082,0.6218,0.0095,0.2744
2024-02-20,2024-02-19,2024-02-01,2024-01-01,22.4215,8.1602,0.0,3.6513,3.0335,0.0987,16.8995,378.9121,0.246281,5.522,0.2974,0.082,1.6422,0.0081,1.2016
2024-02-21,2024-02-19,2024-02-01,2024-01-01,19.0035,8.774,0.0,4.0682,3.8626,0.1032,12.419,236.0045,0.346489,6.5845,0.2974,0.082,1.9582,0.0085,1.4823
2024-02-22,2024-02-19,2024-02-01,2024-01-01,16.4222,6.4375,0.0,2.4489,2.3325,0.1326,12.072,198.2494,0.2649,4.3502,0.2974,0.082,1.2938,0.0109,0.8945
2024-02-23,2024-02-19,2024-02-01,2024-01-01,22.63,9.267,0.0,3.1644,2.6975,0.1276,15.9002,359.8227,0.297382,6.7298,0.2974,0.082,2.0014,0.0105,1.0617
2024-02-24,2024-02-19,2024-02-01,2024-01-01,20.7207,9.0638,0.0,5.3479,5.1983,0.1656,13.9392,288.8317,0.327281,6.7815,0.2974,0.082,2.0168,0.0136,1.9845
2024-02-25,2024-02-19,2024-02-01,2024-01-01,18.496,10.9618,0.0,5.4411,4.5892,0.1541,10.7413,198.6702,0.419266,7.7548,0.2974,0.082,2.3063,0.0126,1.811
2024-02-26,2024-02-26,2024-02-01,2024-01-01,22.9265,6.6445,0.0,1.6978,1.3485,0.0424,18.3938,421.7043,0.197708,4.5328,0.2974,0.082,1.348,0.0035,0.5403
2024-02-27,2024-02-26,2024-02-01,2024-01-01,21.6947,19.344,0.62434,10.9616,3.5205,0.162,12.5335,271.9111,0.42228,9.1613,0.2974,0.082,2.7246,0.0133,1.9458
2024-02-28,2024-02-26,2024-02-01,2024-01-01,22.4462,19.22,0.44699,10.6811,12.1604,0.1186,5.2185,117.1358,0.767511,17.2278,0.2974,0.082,5.1235,0.0097,4.4924
2024-02-29,2024-02-26,2024-02-01,2024-01-01,14.9678,14.4693,0.34386,8.6959,8.9688,0.0707,3.6458,54.5687,0.756426,11.322,0.2974,0.082,3.3672,0.0058,3.3804
2024-03-01,2024-02-26,2024-03-01,2024-01-01,18.71,20.9862,0.69066,11.1059,7.4614,3.6724,8.1105,151.7475,0.566515,10.5995,0.2974,0.082,3.1523,0.3011,3.1297
2024-03-02,2024-02-26,2024-03-01,2024-01-01,12.7462,19.2325,0.898,11.1165,8.1741,0.4572,0.325,4.1425,0.974502,12.4213,0.2974,0.082,3.6941,0.0375,3.3425
2024-03-03,2024-02-26,2024-03-01,2024-01-01,14.2535,27.2437,0.70472,7.9119,9.5872,11.3293,0.1898,2.7046,0.986687,14.0637,0.2974,0.082,4.1826,0.929,3.5
2024-03-04,2024-03-04,2024-03-01,2024-01-01,17.334,2.2117,0.0,0.006,6.99,0.0406,10.6235,184.1477,0.387129,6.7105,0.2974,0.082,1.9957,0.0033,2.0793
2024-03-05,2024-03-04,2024-03-01,2024-01-01,19.4513,4.7475,0.0,1.2875,0.8611,0.0154,17.0072,330.8123,0.125647,2.444,0.2974,0.082,0.7268,0.0013,0.3617
2024-03-06,2024-03-04,2024-03-01,2024-01-01,16.9985,18.8403,0.57932,11.0586,4.2349,0.1652,8.154,138.6058,0.520311,8.8445,0.2974,0.082,2.6304,0.0135,2.1663
2024-03-07,2024-03-04,2024-03-01,2024-01-01,20.5415,14.9475,0.03746,5.9181,11.1251,0.3186,3.907,80.2556,0.8098,16.6345,0.2974,0.082,4.9471,0.0261,3.7939
2024-03-08,2024-03-04,2024-03-01,2024-01-01,22.924,32.9515,0.71168,11.1006,3.8188,9.2486,9.7097,222.5863,0.576437,13.2142,0.2974,0.082,3.9299,0.7584,2.046
2024-03-09,2024-03-04,2024-03-01,2024-01-01,18.602,30.0418,0.48471,10.8241,12.6707,9.8543,0.2725,5.069,0.985351,18.3295,0.2974,0.082,5.4512,0.8081,4.6559
2024-03-10,2024-03-04,2024-03-01,2024-01-01,18.8547,18.4395,0.29016,9.4578,10.2281,0.0835,3.1135,58.7043,0.834869,15.7413,0.2974,0.082,4.6814,0.0068,3.8174
2024-03-11,2024-03-11,2024-03-01,2024-01-01,20.169,3.9853,0.0,0.1299,3.1649,0.0175,15.1483,305.5251,0.248934,5.0208,0.2974,0.082,1.4932,0.0014,0.9519
2024-03-12,2024-03-11,2024-03-01,2024-01-01,18.0855,5.3297,0.0,1.7339,1.5659,0.043,14.7302,266.4039,0.185522,3.3552,0.2974,0.082,0.9979,0.0035,0.6079
2024-03-13,2024-03-11,2024-03-01,2024-01-01,19.499,5.5963,0.0,0.6455,0.5357,0.0664,15.8293,308.6545,0.188202,3.6698,0.2974,0.082,1.0914,0.0054,0.2123
2024-03-14,2024-03-11,2024-03-01,2024-01-01,13.3365,31.2843,0.634,11.4582,4.2825,12.81,5.2847,70.4801,0.603738,8.0518,0.2974,0.082,2.3946,1.0504,2.2132
2024-03-15,2024-03-11,2024-03-01,2024-01-01,17.2945,12.553,0.0,7.5899,13.0891,0.3601,2.7553,47.6507,0.840686,14.5392,0.2974,0.082,4.324,0.0295,4.5151
2024-03-16,2024-03-11,2024-03-01,2024-01-01,17.298,7.7428,0.0,3.0671,2.7575,0.0296,11.9042,205.9197,0.311814,5.3938,0.2974,0.082,1.6041,0.0024,1.0716
2024-03-17,2024-03-11,2024-03-01,2024-01-01,25.6253,20.7153,0.03938,6.6596,6.1621,0.1713,8.6047,220.4989,0.664208,17.0205,0.2974,0.082,5.0619,0.0141,2.3787
2024-03-18,2024-03-18,2024-03-01,2024-01-01,15.1478,15.1105,0.18888,7.1216,5.187,0.1017,4.8347,73.2356,0.680827,10.313,0.2974,0.082,3.0671,0.0083,2.1266
2024-03-19,2024-03-18,2024-03-01,2024-01-01,13.2568,21.599,0.82603,11.4853,4.1232,3.3198,5.3957,71.5301,0.592981,7.861,0.2974,0.082,2.3379,0.2722,2.168
2024-03-20,2024-03-18,2024-03-01,2024-01-01,7.7808,21.0505,0.83359,3.8094,3.3965,12.7522,2.1643,16.8395,0.721846,5.6165,0.2974,0.082,1.6703,1.0457,1.3225
2024-03-21,2024-03-18,2024-03-01,2024-01-01,8.8582,21.4675,0.78067,7.1161,7.2097,10.6444,0.53,4.6949,0.940169,8.3282,0.2974,0.082,2.4768,0.8728,2.7277
2024-03-22,2024-03-18,2024-03-01,2024-01-01,11.252,13.726,0.5312,7.211,9.4031,2.4302,0.4263,4.7962,0.962118,10.8257,0.2974,0.082,3.2196,0.1993,3.3878
2024-03-23,2024-03-18,2024-03-01,2024-01-01,17.7,20.9103,0.52806,11.5614,10.73,2.4634,2.8285,50.0645,0.840198,14.8715,0.2974,0.082,4.4228,0.202,4.1391
2024-03-24,2024-03-18,2024-03-01,2024-01-01,25.409,9.8432,0.0,3.1459,8.3191,0.6502,13.2395,336.4025,0.478944,12.1695,0.2974,0.082,3.6192,0.0533,2.7321
2024-03-25,2024-03-25,2024-03-01,2024-01-01,17.9705,34.186,0.67765,11.7118,4.1381,13.2664,6.853,123.1518,0.618653,11.1175,0.2974,0.082,3.3063,1.0878,2.191
2024-03-26,2024-03-25,2024-03-01,2024-01-01,15.136,18.5547,0.72812,9.8689,8.6841,0.228,0.6308,9.547,0.958328,14.5052,0.2974,0.082,4.3139,0.0187,3.3919
2024-03-27,2024-03-25,2024-03-01,2024-01-01,15.7675,9.2163,0.0,2.9546,9.7056,0.1351,2.5775,40.6407,0.836531,13.19,0.2974,0.082,3.9227,0.0111,3.1287
2024-03-28,2024-03-25,2024-03-01,2024-01-01,16.845,17.3148,0.3478,10.0764,6.4807,0.9989,6.3945,107.7154,0.620392,10.4505,0.2974,0.082,3.108,0.0819,2.7536
2024-03-29,2024-03-25,2024-03-01,2024-01-01,18.961,15.157,0.03353,7.2213,9.6106,0.1733,4.174,79.1432,0.779864,14.787,0.2974,0.082,4.3977,0.0142,3.4503
2024-03-30,2024-03-25,2024-03-01,2024-01-01,10.255,10.3057,0.18353,4.8902,3.296,0.0463,3.7212,38.1614,0.637128,6.5337,0.2974,0.082,1.9431,0.0038,1.3812
2024-03-31,2024-03-25,2024-03-01,2024-01-01,9.9135,26.0472,0.90672,10.8336,2.7106,8.9802,3.0785,30.5187,0.689464,6.835,0.2974,0.082,2.0327,0.7364,1.6945
2024-04-01,2024-04-01,2024-04-01,2024-01-01,13.122,9.0218,0.32045,2.7079,8.5526,0.1196,0.8055,10.5698,0.938615,12.3165,0.2974,0.082,3.6629,0.0098,2.7656
2024-04-02,2024-04-01,2024-04-01,2024-01-01,19.2,10.399,0.0,2.8817,5.6108,0.1844,8.5725,164.592,0.553516,10.6275,0.2974,0.082,3.1606,0.0151,1.9049
2024-04-03,2024-04-01,2024-04-01,2024-01-01,14.8245,14.3428,0.40672,7.8255,3.3563,0.1792,7.2055,106.8179,0.513946,7.619,0.2974,0.082,2.2659,0.0147,1.6398
2024-04-04,2024-04-01,2024-04-01,2024-01-01,15.521,12.7982,0.63064,7.3768,4.4996,0.2485,8.2045,127.342,0.471394,7.3165,0.2974,0.082,2.1759,0.0204,1.9431
2024-04-05,2024-04-01,2024-04-01,2024-01-01,7.403,13.5817,0.92613,7.7501,4.1479,1.4017,0.994,7.3586,0.86573,6.409,0.2974,0.082,1.906,0.1149,1.8691
2024-04-06,2024-04-01,2024-04-01,2024-01-01,6.2315,32.5343,0.9106,3.2679,3.1529,24.7604,0.8327,5.1893,0.866364,5.3988,0.2974,0.082,1.6056,2.0304,1.2056
2024-04-07,2024-04-01,2024-04-01,2024-01-01,5.7895,24.1593,0.9339,3.7001,3.1402,16.4112,0.826,4.7821,0.857328,4.9635,0.2974,0.082,1.4761,1.3457,1.2373
2024-04-08,2024-04-08,2024-04-01,2024-01-01,5.7545,28.581,0.96496,3.2498,2.6205,20.9908,0.9105,5.2395,0.841776,4.844,0.2974,0.082,1.4406,1.7212,1.0458
2024-04-09,2024-04-08,2024-04-01,2024-01-01,6.299,16.137,0.90273,4.0471,4.2903,8.5564,0.7615,4.7967,0.879108,5.5375,0.2974,0.082,1.6469,0.7016,1.6078
2024-04-10,2024-04-08,2024-04-01,2024-01-01,7.0265,25.3302,0.93001,4.4581,3.8296,16.2614,0.9193,6.4591,0.869174,6.1072,0.2974,0.082,1.8163,1.3334,1.5045
2024-04-11,2024-04-08,2024-04-01,2024-01-01,7.7225,14.487,0.92225,5.105,4.7624,5.0931,0.9263,7.153,0.880058,6.7963,0.2974,0.082,2.0212,0.4176,1.8349
2024-04-12,2024-04-08,2024-04-01,2024-01-01,6.2275,16.706,0.93778,3.8494,3.4056,8.9359,1.0888,6.7802,0.825171,5.1387,0.2974,0.082,1.5283,0.7327,1.3285
2024-04-13,2024-04-08,2024-04-01,2024-01-01,10.8995,37.393,0.87954,3.6125,3.8571,24.9214,0.632,6.8885,0.942016,10.2675,0.2974,0.082,3.0536,2.0436,1.4433
2024-04-14,2024-04-08,2024-04-01,2024-01-01,12.9025,24.8375,0.84071,5.8691,5.828,10.1321,0.741,9.5608,0.942569,12.1615,0.2974,0.082,3.6168,0.8308,2.2145
2024-04-15,2024-04-15,2024-04-01,2024-01-01,15.0725,18.0467,0.73589,8.7781,9.3755,1.53,0.7228,10.8936,0.952048,14.3497,0.2974,0.082,4.2676,0.1255,3.5081
2024-04-16,2024-04-15,2024-04-01,2024-01-01,18.186,13.6342,0.38315,7.4111,10.2435,0.4437,4.9395,89.8297,0.72839,13.2465,0.2974,0.082,3.9395,0.0364,3.6541
2024-04-17,2024-04-15,2024-04-01,2024-01-01,17.607,17.4795,0.57564,9.9911,7.9391,0.3469,5.222,91.9438,0.703413,12.385,0.2974,0.082,3.6833,0.0284,3.1804
2024-04-18,2024-04-15,2024-04-01,2024-01-01,15.4535,23.8035,0.78384,11.1365,8.1888,6.2669,3.6415,56.2739,0.764358,11.812,0.2974,0.082,3.5129,0.5139,3.3485
2024-04-19,2024-04-15,2024-04-01,2024-01-01,21.6685,12.7387,0.08186,5.3018,12.029,0.2186,5.3105,115.0706,0.754921,16.358,0.2974,0.082,4.8649,0.0179,4.0122
2024-04-20,2024-04-15,2024-04-01,2024-01-01,19.1675,19.1825,0.55865,10.7186,5.7363,1.8737,9.0028,172.5602,0.530312,10.1648,0.2974,0.082,3.023,0.1536,2.5849
